◇ injected env (4) from .env // tip: ⌘ multiple files { path: ['.env.local', '.env'] }

Running 99 tests using 1 worker

[1A[2K◇ injected env (0) from .env // tip: ⌘ suppress logs { quiet: true }

[1A[2K[1/99] [setup] › tests/auth.setup.ts:4:6 › test
[1A[2K[2/99] [chromium] › tests/automation TCs/calendarEventFlow.spec.ts:7:7 › Calendar - Data Picker, Sync & Event Management › TC01 - Verify data picker
[1A[2K[3/99] [chromium] › tests/automation TCs/calendarEventFlow.spec.ts:7:7 › Calendar - Data Picker, Sync & Event Management › TC01 - Verify data picker (retry #1)
[1A[2K  1) [chromium] › tests/automation TCs/calendarEventFlow.spec.ts:7:7 › Calendar - Data Picker, Sync & Event Management › TC01 - Verify data picker › Open today date dialog 

    [31mTest timeout of 30000ms exceeded.[39m

    Error: locator.click: Test timeout of 30000ms exceeded.
    Call log:
    [2m  - waiting for getByRole('button', { name: '29 June, 2026' })[22m


       at ../pages/callendars.ts:37

      35 |   }
      36 |   async clickDataTable() {
    > 37 |     await this.page.getByRole('button', { name: `${formattedDateToday}` }).click();
         |                                                                            ^
      38 |   }
      39 |   async verifyDataTableisVisible () {
      40 |     await expect(this.page.getByRole('dialog', { name: `${formattedDateToday}` })).toBeVisible();
        at CalendarsPage.clickDataTable (/Users/htran/Playwright/practice-nopCommerce/pages/callendars.ts:37:76)
        at /Users/htran/Playwright/practice-nopCommerce/tests/automation TCs/calendarEventFlow.spec.ts:14:27
        at /Users/htran/Playwright/practice-nopCommerce/tests/automation TCs/calendarEventFlow.spec.ts:13:16

    attachment #1: screenshot (image/png) ──────────────────────────────────────────────────────────
    test-results/automation TCs-calendarEve-cff64-t-TC01---Verify-data-picker-chromium/test-failed-1.png
    ────────────────────────────────────────────────────────────────────────────────────────────────

    attachment #2: video (video/webm) ──────────────────────────────────────────────────────────────
    test-results/automation TCs-calendarEve-cff64-t-TC01---Verify-data-picker-chromium/video.webm
    ────────────────────────────────────────────────────────────────────────────────────────────────

    Error Context: test-results/automation TCs-calendarEve-cff64-t-TC01---Verify-data-picker-chromium/error-context.md

    Retry #1 ───────────────────────────────────────────────────────────────────────────────────────

    [31mTest timeout of 30000ms exceeded.[39m

    Error: locator.click: Test timeout of 30000ms exceeded.
    Call log:
    [2m  - waiting for getByRole('button', { name: '29 June, 2026' })[22m


       at ../pages/callendars.ts:37

      35 |   }
      36 |   async clickDataTable() {
    > 37 |     await this.page.getByRole('button', { name: `${formattedDateToday}` }).click();
         |                                                                            ^
      38 |   }
      39 |   async verifyDataTableisVisible () {
      40 |     await expect(this.page.getByRole('dialog', { name: `${formattedDateToday}` })).toBeVisible();
        at CalendarsPage.clickDataTable (/Users/htran/Playwright/practice-nopCommerce/pages/callendars.ts:37:76)
        at /Users/htran/Playwright/practice-nopCommerce/tests/automation TCs/calendarEventFlow.spec.ts:14:27
        at /Users/htran/Playwright/practice-nopCommerce/tests/automation TCs/calendarEventFlow.spec.ts:13:16

    attachment #1: screenshot (image/png) ──────────────────────────────────────────────────────────
    test-results/automation TCs-calendarEve-cff64-t-TC01---Verify-data-picker-chromium-retry1/test-failed-1.png
    ────────────────────────────────────────────────────────────────────────────────────────────────

    attachment #2: video (video/webm) ──────────────────────────────────────────────────────────────
    test-results/automation TCs-calendarEve-cff64-t-TC01---Verify-data-picker-chromium-retry1/video.webm
    ────────────────────────────────────────────────────────────────────────────────────────────────

    Error Context: test-results/automation TCs-calendarEve-cff64-t-TC01---Verify-data-picker-chromium-retry1/error-context.md

    attachment #4: trace (application/zip) ─────────────────────────────────────────────────────────
    test-results/automation TCs-calendarEve-cff64-t-TC01---Verify-data-picker-chromium-retry1/trace.zip
    Usage:

        npx playwright show-trace "test-results/automation TCs-calendarEve-cff64-t-TC01---Verify-data-picker-chromium-retry1/trace.zip"

    ────────────────────────────────────────────────────────────────────────────────────────────────


[1A[2K[4/99] [chromium] › tests/automation TCs/calendarEventFlow.spec.ts:24:7 › Calendar - Data Picker, Sync & Event Management › TC02 - Sync Calendar
[1A[2K[5/99] [chromium] › tests/automation TCs/calendarEventFlow.spec.ts:24:7 › Calendar - Data Picker, Sync & Event Management › TC02 - Sync Calendar (retry #1)
[1A[2K  2) [chromium] › tests/automation TCs/calendarEventFlow.spec.ts:24:7 › Calendar - Data Picker, Sync & Event Management › TC02 - Sync Calendar › Click Sync all calendars and verify last synced text 

    [31mTest timeout of 30000ms exceeded.[39m

    Error: locator.click: Test timeout of 30000ms exceeded.
    Call log:
    [2m  - waiting for getByRole('button', { name: 'Sync all calendars' })[22m


       at ../pages/callendars.ts:31

      29 |   }
      30 |   async clickSyncAllCal () {
    > 31 |     await this.page.getByRole('button', { name: 'Sync all calendars' }).click();
         |                                                                         ^
      32 |   }
      33 |   async verifySyncAllCal () {
      34 |     await expect(this.page.locator('text=a few seconds ago')).toBeVisible();
        at CalendarsPage.clickSyncAllCal (/Users/htran/Playwright/practice-nopCommerce/pages/callendars.ts:31:73)
        at /Users/htran/Playwright/practice-nopCommerce/tests/automation TCs/calendarEventFlow.spec.ts:31:27
        at /Users/htran/Playwright/practice-nopCommerce/tests/automation TCs/calendarEventFlow.spec.ts:30:16

    attachment #1: screenshot (image/png) ──────────────────────────────────────────────────────────
    test-results/automation TCs-calendarEve-50eae-gement-TC02---Sync-Calendar-chromium/test-failed-1.png
    ────────────────────────────────────────────────────────────────────────────────────────────────

    attachment #2: video (video/webm) ──────────────────────────────────────────────────────────────
    test-results/automation TCs-calendarEve-50eae-gement-TC02---Sync-Calendar-chromium/video.webm
    ────────────────────────────────────────────────────────────────────────────────────────────────

    Error Context: test-results/automation TCs-calendarEve-50eae-gement-TC02---Sync-Calendar-chromium/error-context.md

    Retry #1 ───────────────────────────────────────────────────────────────────────────────────────

    [31mTest timeout of 30000ms exceeded.[39m

    Error: locator.click: Test timeout of 30000ms exceeded.
    Call log:
    [2m  - waiting for getByRole('button', { name: 'Sync all calendars' })[22m


       at ../pages/callendars.ts:31

      29 |   }
      30 |   async clickSyncAllCal () {
    > 31 |     await this.page.getByRole('button', { name: 'Sync all calendars' }).click();
         |                                                                         ^
      32 |   }
      33 |   async verifySyncAllCal () {
      34 |     await expect(this.page.locator('text=a few seconds ago')).toBeVisible();
        at CalendarsPage.clickSyncAllCal (/Users/htran/Playwright/practice-nopCommerce/pages/callendars.ts:31:73)
        at /Users/htran/Playwright/practice-nopCommerce/tests/automation TCs/calendarEventFlow.spec.ts:31:27
        at /Users/htran/Playwright/practice-nopCommerce/tests/automation TCs/calendarEventFlow.spec.ts:30:16

    attachment #1: screenshot (image/png) ──────────────────────────────────────────────────────────
    test-results/automation TCs-calendarEve-50eae-gement-TC02---Sync-Calendar-chromium-retry1/test-failed-1.png
    ────────────────────────────────────────────────────────────────────────────────────────────────

    attachment #2: video (video/webm) ──────────────────────────────────────────────────────────────
    test-results/automation TCs-calendarEve-50eae-gement-TC02---Sync-Calendar-chromium-retry1/video.webm
    ────────────────────────────────────────────────────────────────────────────────────────────────

    Error Context: test-results/automation TCs-calendarEve-50eae-gement-TC02---Sync-Calendar-chromium-retry1/error-context.md

    attachment #4: trace (application/zip) ─────────────────────────────────────────────────────────
    test-results/automation TCs-calendarEve-50eae-gement-TC02---Sync-Calendar-chromium-retry1/trace.zip
    Usage:

        npx playwright show-trace "test-results/automation TCs-calendarEve-50eae-gement-TC02---Sync-Calendar-chromium-retry1/trace.zip"

    ────────────────────────────────────────────────────────────────────────────────────────────────


[1A[2K[6/99] [chromium] › tests/automation TCs/calendarEventFlow.spec.ts:36:7 › Calendar - Data Picker, Sync & Event Management › TC03 - Create event and verify event appears on calendar
[1A[2K[7/99] [chromium] › tests/automation TCs/calendarEventFlow.spec.ts:36:7 › Calendar - Data Picker, Sync & Event Management › TC03 - Create event and verify event appears on calendar (retry #1)
[1A[2K  3) [chromium] › tests/automation TCs/calendarEventFlow.spec.ts:36:7 › Calendar - Data Picker, Sync & Event Management › TC03 - Create event and verify event appears on calendar › Open today date dialog 

    [31mTest timeout of 30000ms exceeded.[39m

    Error: locator.click: Test timeout of 30000ms exceeded.
    Call log:
    [2m  - waiting for getByRole('button', { name: '29 June, 2026' })[22m


       at ../pages/callendars.ts:37

      35 |   }
      36 |   async clickDataTable() {
    > 37 |     await this.page.getByRole('button', { name: `${formattedDateToday}` }).click();
         |                                                                            ^
      38 |   }
      39 |   async verifyDataTableisVisible () {
      40 |     await expect(this.page.getByRole('dialog', { name: `${formattedDateToday}` })).toBeVisible();
        at CalendarsPage.clickDataTable (/Users/htran/Playwright/practice-nopCommerce/pages/callendars.ts:37:76)
        at /Users/htran/Playwright/practice-nopCommerce/tests/automation TCs/calendarEventFlow.spec.ts:43:27
        at /Users/htran/Playwright/practice-nopCommerce/tests/automation TCs/calendarEventFlow.spec.ts:42:16

    attachment #1: screenshot (image/png) ──────────────────────────────────────────────────────────
    test-results/automation TCs-calendarEve-f134c-y-event-appears-on-calendar-chromium/test-failed-1.png
    ────────────────────────────────────────────────────────────────────────────────────────────────

    attachment #2: video (video/webm) ──────────────────────────────────────────────────────────────
    test-results/automation TCs-calendarEve-f134c-y-event-appears-on-calendar-chromium/video.webm
    ────────────────────────────────────────────────────────────────────────────────────────────────

    Error Context: test-results/automation TCs-calendarEve-f134c-y-event-appears-on-calendar-chromium/error-context.md

    Retry #1 ───────────────────────────────────────────────────────────────────────────────────────

    [31mTest timeout of 30000ms exceeded.[39m

    Error: locator.click: Test timeout of 30000ms exceeded.
    Call log:
    [2m  - waiting for getByRole('button', { name: '29 June, 2026' })[22m


       at ../pages/callendars.ts:37

      35 |   }
      36 |   async clickDataTable() {
    > 37 |     await this.page.getByRole('button', { name: `${formattedDateToday}` }).click();
         |                                                                            ^
      38 |   }
      39 |   async verifyDataTableisVisible () {
      40 |     await expect(this.page.getByRole('dialog', { name: `${formattedDateToday}` })).toBeVisible();
        at CalendarsPage.clickDataTable (/Users/htran/Playwright/practice-nopCommerce/pages/callendars.ts:37:76)
        at /Users/htran/Playwright/practice-nopCommerce/tests/automation TCs/calendarEventFlow.spec.ts:43:27
        at /Users/htran/Playwright/practice-nopCommerce/tests/automation TCs/calendarEventFlow.spec.ts:42:16

    attachment #1: screenshot (image/png) ──────────────────────────────────────────────────────────
    test-results/automation TCs-calendarEve-f134c-y-event-appears-on-calendar-chromium-retry1/test-failed-1.png
    ────────────────────────────────────────────────────────────────────────────────────────────────

    attachment #2: video (video/webm) ──────────────────────────────────────────────────────────────
    test-results/automation TCs-calendarEve-f134c-y-event-appears-on-calendar-chromium-retry1/video.webm
    ────────────────────────────────────────────────────────────────────────────────────────────────

    Error Context: test-results/automation TCs-calendarEve-f134c-y-event-appears-on-calendar-chromium-retry1/error-context.md

    attachment #4: trace (application/zip) ─────────────────────────────────────────────────────────
    test-results/automation TCs-calendarEve-f134c-y-event-appears-on-calendar-chromium-retry1/trace.zip
    Usage:

        npx playwright show-trace "test-results/automation TCs-calendarEve-f134c-y-event-appears-on-calendar-chromium-retry1/trace.zip"

    ────────────────────────────────────────────────────────────────────────────────────────────────


[1A[2K[8/99] [chromium] › tests/calendars/verifyCalenderPage.spec.ts:5:5 › Verify Calender Page
[1A[2K[9/99] [chromium] › tests/calendars/verifyDataPicker.spec.ts:3:5 › Verify Data Picker
[1A[2K[10/99] [chromium] › tests/calendars/verifyDataPicker.spec.ts:3:5 › Verify Data Picker (retry #1)
[1A[2K  4) [chromium] › tests/calendars/verifyDataPicker.spec.ts:3:5 › Verify Data Picker ────────────────

    [31mTest timeout of 30000ms exceeded.[39m

    Error: locator.click: Test timeout of 30000ms exceeded.
    Call log:
    [2m  - waiting for getByRole('button', { name: '29 June, 2026' })[22m


       at ../pages/callendars.ts:37

      35 |   }
      36 |   async clickDataTable() {
    > 37 |     await this.page.getByRole('button', { name: `${formattedDateToday}` }).click();
         |                                                                            ^
      38 |   }
      39 |   async verifyDataTableisVisible () {
      40 |     await expect(this.page.getByRole('dialog', { name: `${formattedDateToday}` })).toBeVisible();
        at CalendarsPage.clickDataTable (/Users/htran/Playwright/practice-nopCommerce/pages/callendars.ts:37:76)
        at /Users/htran/Playwright/practice-nopCommerce/tests/calendars/verifyDataPicker.spec.ts:5:23

    attachment #1: screenshot (image/png) ──────────────────────────────────────────────────────────
    test-results/calendars-verifyDataPicker-Verify-Data-Picker-chromium/test-failed-1.png
    ────────────────────────────────────────────────────────────────────────────────────────────────

    attachment #2: video (video/webm) ──────────────────────────────────────────────────────────────
    test-results/calendars-verifyDataPicker-Verify-Data-Picker-chromium/video.webm
    ────────────────────────────────────────────────────────────────────────────────────────────────

    Error Context: test-results/calendars-verifyDataPicker-Verify-Data-Picker-chromium/error-context.md

    Retry #1 ───────────────────────────────────────────────────────────────────────────────────────

    [31mTest timeout of 30000ms exceeded.[39m

    Error: locator.click: Test timeout of 30000ms exceeded.
    Call log:
    [2m  - waiting for getByRole('button', { name: '29 June, 2026' })[22m


       at ../pages/callendars.ts:37

      35 |   }
      36 |   async clickDataTable() {
    > 37 |     await this.page.getByRole('button', { name: `${formattedDateToday}` }).click();
         |                                                                            ^
      38 |   }
      39 |   async verifyDataTableisVisible () {
      40 |     await expect(this.page.getByRole('dialog', { name: `${formattedDateToday}` })).toBeVisible();
        at CalendarsPage.clickDataTable (/Users/htran/Playwright/practice-nopCommerce/pages/callendars.ts:37:76)
        at /Users/htran/Playwright/practice-nopCommerce/tests/calendars/verifyDataPicker.spec.ts:5:23

    attachment #1: screenshot (image/png) ──────────────────────────────────────────────────────────
    test-results/calendars-verifyDataPicker-Verify-Data-Picker-chromium-retry1/test-failed-1.png
    ────────────────────────────────────────────────────────────────────────────────────────────────

    attachment #2: video (video/webm) ──────────────────────────────────────────────────────────────
    test-results/calendars-verifyDataPicker-Verify-Data-Picker-chromium-retry1/video.webm
    ────────────────────────────────────────────────────────────────────────────────────────────────

    Error Context: test-results/calendars-verifyDataPicker-Verify-Data-Picker-chromium-retry1/error-context.md

    attachment #4: trace (application/zip) ─────────────────────────────────────────────────────────
    test-results/calendars-verifyDataPicker-Verify-Data-Picker-chromium-retry1/trace.zip
    Usage:

        npx playwright show-trace test-results/calendars-verifyDataPicker-Verify-Data-Picker-chromium-retry1/trace.zip

    ────────────────────────────────────────────────────────────────────────────────────────────────


[1A[2K[11/99] [chromium] › tests/calendars/verifySyncCal.spec.ts:3:5 › Verify Calender Page
[1A[2K[12/99] [chromium] › tests/calendars/verifySyncCal.spec.ts:3:5 › Verify Calender Page (retry #1)
[1A[2K  5) [chromium] › tests/calendars/verifySyncCal.spec.ts:3:5 › Verify Calender Page ─────────────────

    [31mTest timeout of 30000ms exceeded.[39m

    Error: locator.click: Test timeout of 30000ms exceeded.
    Call log:
    [2m  - waiting for getByRole('button', { name: 'Sync all calendars' })[22m


       at ../pages/callendars.ts:31

      29 |   }
      30 |   async clickSyncAllCal () {
    > 31 |     await this.page.getByRole('button', { name: 'Sync all calendars' }).click();
         |                                                                         ^
      32 |   }
      33 |   async verifySyncAllCal () {
      34 |     await expect(this.page.locator('text=a few seconds ago')).toBeVisible();
        at CalendarsPage.clickSyncAllCal (/Users/htran/Playwright/practice-nopCommerce/pages/callendars.ts:31:73)
        at /Users/htran/Playwright/practice-nopCommerce/tests/calendars/verifySyncCal.spec.ts:5:23

    attachment #1: screenshot (image/png) ──────────────────────────────────────────────────────────
    test-results/calendars-verifySyncCal-Verify-Calender-Page-chromium/test-failed-1.png
    ────────────────────────────────────────────────────────────────────────────────────────────────

    attachment #2: video (video/webm) ──────────────────────────────────────────────────────────────
    test-results/calendars-verifySyncCal-Verify-Calender-Page-chromium/video.webm
    ────────────────────────────────────────────────────────────────────────────────────────────────

    Error Context: test-results/calendars-verifySyncCal-Verify-Calender-Page-chromium/error-context.md

    Retry #1 ───────────────────────────────────────────────────────────────────────────────────────

    [31mTest timeout of 30000ms exceeded.[39m

    Error: locator.click: Test timeout of 30000ms exceeded.
    Call log:
    [2m  - waiting for getByRole('button', { name: 'Sync all calendars' })[22m


       at ../pages/callendars.ts:31

      29 |   }
      30 |   async clickSyncAllCal () {
    > 31 |     await this.page.getByRole('button', { name: 'Sync all calendars' }).click();
         |                                                                         ^
      32 |   }
      33 |   async verifySyncAllCal () {
      34 |     await expect(this.page.locator('text=a few seconds ago')).toBeVisible();
        at CalendarsPage.clickSyncAllCal (/Users/htran/Playwright/practice-nopCommerce/pages/callendars.ts:31:73)
        at /Users/htran/Playwright/practice-nopCommerce/tests/calendars/verifySyncCal.spec.ts:5:23

    attachment #1: screenshot (image/png) ──────────────────────────────────────────────────────────
    test-results/calendars-verifySyncCal-Verify-Calender-Page-chromium-retry1/test-failed-1.png
    ────────────────────────────────────────────────────────────────────────────────────────────────

    attachment #2: video (video/webm) ──────────────────────────────────────────────────────────────
    test-results/calendars-verifySyncCal-Verify-Calender-Page-chromium-retry1/video.webm
    ────────────────────────────────────────────────────────────────────────────────────────────────

    Error Context: test-results/calendars-verifySyncCal-Verify-Calender-Page-chromium-retry1/error-context.md

    attachment #4: trace (application/zip) ─────────────────────────────────────────────────────────
    test-results/calendars-verifySyncCal-Verify-Calender-Page-chromium-retry1/trace.zip
    Usage:

        npx playwright show-trace test-results/calendars-verifySyncCal-Verify-Calender-Page-chromium-retry1/trace.zip

    ────────────────────────────────────────────────────────────────────────────────────────────────


[1A[2K[13/99] [chromium] › tests/mess/createNewAcc.spec.ts:4:5 › Verify Create New Account Modal
[1A[2K[14/99] [chromium] › tests/mess/emptyListing.spec.ts:4:5 › Verify First Listing for new Account
[1A[2K[15/99] [chromium] › tests/mess/emptyListing.spec.ts:4:5 › Verify First Listing for new Account (retry #1)
[1A[2K  6) [chromium] › tests/mess/emptyListing.spec.ts:4:5 › Verify First Listing for new Account ───────

    [31mTest timeout of 30000ms exceeded.[39m

    Error: locator.click: Test timeout of 30000ms exceeded.
    Call log:
    [2m  - waiting for getByRole('link', { name: 'Create your first listing' })[22m


       at ../pages/managerPage.ts:38

      36 |   }
      37 |   async clickFirstListing() {
    > 38 |     await this.page.getByRole('link', { name: 'Create your first listing' }).click();
         |                                                                              ^
      39 |   }
      40 |   async verifyAddFirstListingModelisVisible() {
      41 |     await expect(this.page.getByRole('heading', { name: 'Add new listing' })).toBeVisible();
        at ManagerPage.clickFirstListing (/Users/htran/Playwright/practice-nopCommerce/pages/managerPage.ts:38:78)
        at /Users/htran/Playwright/practice-nopCommerce/tests/mess/emptyListing.spec.ts:6:21

    attachment #1: screenshot (image/png) ──────────────────────────────────────────────────────────
    test-results/mess-emptyListing-Verify-First-Listing-for-new-Account-chromium/test-failed-1.png
    ────────────────────────────────────────────────────────────────────────────────────────────────

    attachment #2: video (video/webm) ──────────────────────────────────────────────────────────────
    test-results/mess-emptyListing-Verify-First-Listing-for-new-Account-chromium/video.webm
    ────────────────────────────────────────────────────────────────────────────────────────────────

    Error Context: test-results/mess-emptyListing-Verify-First-Listing-for-new-Account-chromium/error-context.md

    Retry #1 ───────────────────────────────────────────────────────────────────────────────────────

    [31mTest timeout of 30000ms exceeded.[39m

    Error: locator.click: Test timeout of 30000ms exceeded.
    Call log:
    [2m  - waiting for getByRole('link', { name: 'Create your first listing' })[22m


       at ../pages/managerPage.ts:38

      36 |   }
      37 |   async clickFirstListing() {
    > 38 |     await this.page.getByRole('link', { name: 'Create your first listing' }).click();
         |                                                                              ^
      39 |   }
      40 |   async verifyAddFirstListingModelisVisible() {
      41 |     await expect(this.page.getByRole('heading', { name: 'Add new listing' })).toBeVisible();
        at ManagerPage.clickFirstListing (/Users/htran/Playwright/practice-nopCommerce/pages/managerPage.ts:38:78)
        at /Users/htran/Playwright/practice-nopCommerce/tests/mess/emptyListing.spec.ts:6:21

    attachment #1: screenshot (image/png) ──────────────────────────────────────────────────────────
    test-results/mess-emptyListing-Verify-First-Listing-for-new-Account-chromium-retry1/test-failed-1.png
    ────────────────────────────────────────────────────────────────────────────────────────────────

    attachment #2: video (video/webm) ──────────────────────────────────────────────────────────────
    test-results/mess-emptyListing-Verify-First-Listing-for-new-Account-chromium-retry1/video.webm
    ────────────────────────────────────────────────────────────────────────────────────────────────

    Error Context: test-results/mess-emptyListing-Verify-First-Listing-for-new-Account-chromium-retry1/error-context.md

    attachment #4: trace (application/zip) ─────────────────────────────────────────────────────────
    test-results/mess-emptyListing-Verify-First-Listing-for-new-Account-chromium-retry1/trace.zip
    Usage:

        npx playwright show-trace test-results/mess-emptyListing-Verify-First-Listing-for-new-Account-chromium-retry1/trace.zip

    ────────────────────────────────────────────────────────────────────────────────────────────────


[1A[2K[16/99] [chromium] › tests/messages/verifyConversation.spec.ts:10:7 › Conversation View › Verify compose area is visible when a conversation is open
[1A[2K[17/99] [chromium] › tests/messages/verifyConversation.spec.ts:10:7 › Conversation View › Verify compose area is visible when a conversation is open (retry #1)
[1A[2K  7) [chromium] › tests/messages/verifyConversation.spec.ts:10:7 › Conversation View › Verify compose area is visible when a conversation is open 

    [31mTest timeout of 30000ms exceeded while running "beforeEach" hook.[39m

      3 |
      4 | test.describe('Conversation View', () => {
    > 5 |   test.beforeEach(async ({ messagesPage }) => {
        |        ^
      6 |     await messagesPage.gotoMessages();
      7 |     await messagesPage.clickFirstConversation();
      8 |   });
        at /Users/htran/Playwright/practice-nopCommerce/tests/messages/verifyConversation.spec.ts:5:8

    Error: locator.click: Test timeout of 30000ms exceeded.
    Call log:
    [2m  - waiting for getByTestId('conversation-item').first()[22m


       at ../pages/messagesPage.ts:76

      74 |
      75 |   async clickFirstConversation() {
    > 76 |     await this.conversationItem.first().click();
         |                                         ^
      77 |   }
      78 |
      79 |   async clickConversationWithStatus(status: string) {
        at MessagesPage.clickFirstConversation (/Users/htran/Playwright/practice-nopCommerce/pages/messagesPage.ts:76:41)
        at /Users/htran/Playwright/practice-nopCommerce/tests/messages/verifyConversation.spec.ts:7:24

    attachment #1: screenshot (image/png) ──────────────────────────────────────────────────────────
    test-results/messages-verifyConversatio-a5773-when-a-conversation-is-open-chromium/test-failed-1.png
    ────────────────────────────────────────────────────────────────────────────────────────────────

    attachment #2: video (video/webm) ──────────────────────────────────────────────────────────────
    test-results/messages-verifyConversatio-a5773-when-a-conversation-is-open-chromium/video.webm
    ────────────────────────────────────────────────────────────────────────────────────────────────

    Error Context: test-results/messages-verifyConversatio-a5773-when-a-conversation-is-open-chromium/error-context.md

    Retry #1 ───────────────────────────────────────────────────────────────────────────────────────

    [31mTest timeout of 30000ms exceeded while running "beforeEach" hook.[39m

      3 |
      4 | test.describe('Conversation View', () => {
    > 5 |   test.beforeEach(async ({ messagesPage }) => {
        |        ^
      6 |     await messagesPage.gotoMessages();
      7 |     await messagesPage.clickFirstConversation();
      8 |   });
        at /Users/htran/Playwright/practice-nopCommerce/tests/messages/verifyConversation.spec.ts:5:8

    Error: locator.click: Test timeout of 30000ms exceeded.
    Call log:
    [2m  - waiting for getByTestId('conversation-item').first()[22m


       at ../pages/messagesPage.ts:76

      74 |
      75 |   async clickFirstConversation() {
    > 76 |     await this.conversationItem.first().click();
         |                                         ^
      77 |   }
      78 |
      79 |   async clickConversationWithStatus(status: string) {
        at MessagesPage.clickFirstConversation (/Users/htran/Playwright/practice-nopCommerce/pages/messagesPage.ts:76:41)
        at /Users/htran/Playwright/practice-nopCommerce/tests/messages/verifyConversation.spec.ts:7:24

    attachment #1: screenshot (image/png) ──────────────────────────────────────────────────────────
    test-results/messages-verifyConversatio-a5773-when-a-conversation-is-open-chromium-retry1/test-failed-1.png
    ────────────────────────────────────────────────────────────────────────────────────────────────

    attachment #2: video (video/webm) ──────────────────────────────────────────────────────────────
    test-results/messages-verifyConversatio-a5773-when-a-conversation-is-open-chromium-retry1/video.webm
    ────────────────────────────────────────────────────────────────────────────────────────────────

    Error Context: test-results/messages-verifyConversatio-a5773-when-a-conversation-is-open-chromium-retry1/error-context.md

    attachment #4: trace (application/zip) ─────────────────────────────────────────────────────────
    test-results/messages-verifyConversatio-a5773-when-a-conversation-is-open-chromium-retry1/trace.zip
    Usage:

        npx playwright show-trace test-results/messages-verifyConversatio-a5773-when-a-conversation-is-open-chromium-retry1/trace.zip

    ────────────────────────────────────────────────────────────────────────────────────────────────


[1A[2K[18/99] [chromium] › tests/messages/verifyConversation.spec.ts:14:7 › Conversation View › Verify Generate Reply button is visible in compose area
[1A[2K[19/99] [chromium] › tests/messages/verifyConversation.spec.ts:14:7 › Conversation View › Verify Generate Reply button is visible in compose area (retry #1)
[1A[2K  8) [chromium] › tests/messages/verifyConversation.spec.ts:14:7 › Conversation View › Verify Generate Reply button is visible in compose area 

    [31mTest timeout of 30000ms exceeded while running "beforeEach" hook.[39m

      3 |
      4 | test.describe('Conversation View', () => {
    > 5 |   test.beforeEach(async ({ messagesPage }) => {
        |        ^
      6 |     await messagesPage.gotoMessages();
      7 |     await messagesPage.clickFirstConversation();
      8 |   });
        at /Users/htran/Playwright/practice-nopCommerce/tests/messages/verifyConversation.spec.ts:5:8

    Error: locator.click: Test timeout of 30000ms exceeded.
    Call log:
    [2m  - waiting for getByTestId('conversation-item').first()[22m


       at ../pages/messagesPage.ts:76

      74 |
      75 |   async clickFirstConversation() {
    > 76 |     await this.conversationItem.first().click();
         |                                         ^
      77 |   }
      78 |
      79 |   async clickConversationWithStatus(status: string) {
        at MessagesPage.clickFirstConversation (/Users/htran/Playwright/practice-nopCommerce/pages/messagesPage.ts:76:41)
        at /Users/htran/Playwright/practice-nopCommerce/tests/messages/verifyConversation.spec.ts:7:24

    attachment #1: screenshot (image/png) ──────────────────────────────────────────────────────────
    test-results/messages-verifyConversatio-b8a51--is-visible-in-compose-area-chromium/test-failed-1.png
    ────────────────────────────────────────────────────────────────────────────────────────────────

    attachment #2: video (video/webm) ──────────────────────────────────────────────────────────────
    test-results/messages-verifyConversatio-b8a51--is-visible-in-compose-area-chromium/video.webm
    ────────────────────────────────────────────────────────────────────────────────────────────────

    Error Context: test-results/messages-verifyConversatio-b8a51--is-visible-in-compose-area-chromium/error-context.md

    Retry #1 ───────────────────────────────────────────────────────────────────────────────────────

    [31mTest timeout of 30000ms exceeded while running "beforeEach" hook.[39m

      3 |
      4 | test.describe('Conversation View', () => {
    > 5 |   test.beforeEach(async ({ messagesPage }) => {
        |        ^
      6 |     await messagesPage.gotoMessages();
      7 |     await messagesPage.clickFirstConversation();
      8 |   });
        at /Users/htran/Playwright/practice-nopCommerce/tests/messages/verifyConversation.spec.ts:5:8

    Error: locator.click: Test timeout of 30000ms exceeded.
    Call log:
    [2m  - waiting for getByTestId('conversation-item').first()[22m


       at ../pages/messagesPage.ts:76

      74 |
      75 |   async clickFirstConversation() {
    > 76 |     await this.conversationItem.first().click();
         |                                         ^
      77 |   }
      78 |
      79 |   async clickConversationWithStatus(status: string) {
        at MessagesPage.clickFirstConversation (/Users/htran/Playwright/practice-nopCommerce/pages/messagesPage.ts:76:41)
        at /Users/htran/Playwright/practice-nopCommerce/tests/messages/verifyConversation.spec.ts:7:24

    attachment #1: screenshot (image/png) ──────────────────────────────────────────────────────────
    test-results/messages-verifyConversatio-b8a51--is-visible-in-compose-area-chromium-retry1/test-failed-1.png
    ────────────────────────────────────────────────────────────────────────────────────────────────

    attachment #2: video (video/webm) ──────────────────────────────────────────────────────────────
    test-results/messages-verifyConversatio-b8a51--is-visible-in-compose-area-chromium-retry1/video.webm
    ────────────────────────────────────────────────────────────────────────────────────────────────

    Error Context: test-results/messages-verifyConversatio-b8a51--is-visible-in-compose-area-chromium-retry1/error-context.md

    attachment #4: trace (application/zip) ─────────────────────────────────────────────────────────
    test-results/messages-verifyConversatio-b8a51--is-visible-in-compose-area-chromium-retry1/trace.zip
    Usage:

        npx playwright show-trace test-results/messages-verifyConversatio-b8a51--is-visible-in-compose-area-chromium-retry1/trace.zip

    ────────────────────────────────────────────────────────────────────────────────────────────────


[1A[2K[20/99] [chromium] › tests/messages/verifyConversation.spec.ts:18:7 › Conversation View › Verify Quick Replies button is visible in compose area
[1A[2K[21/99] [chromium] › tests/messages/verifyConversation.spec.ts:18:7 › Conversation View › Verify Quick Replies button is visible in compose area (retry #1)
[1A[2K  9) [chromium] › tests/messages/verifyConversation.spec.ts:18:7 › Conversation View › Verify Quick Replies button is visible in compose area 

    [31mTest timeout of 30000ms exceeded while running "beforeEach" hook.[39m

      3 |
      4 | test.describe('Conversation View', () => {
    > 5 |   test.beforeEach(async ({ messagesPage }) => {
        |        ^
      6 |     await messagesPage.gotoMessages();
      7 |     await messagesPage.clickFirstConversation();
      8 |   });
        at /Users/htran/Playwright/practice-nopCommerce/tests/messages/verifyConversation.spec.ts:5:8

    Error: locator.click: Test timeout of 30000ms exceeded.
    Call log:
    [2m  - waiting for getByTestId('conversation-item').first()[22m


       at ../pages/messagesPage.ts:76

      74 |
      75 |   async clickFirstConversation() {
    > 76 |     await this.conversationItem.first().click();
         |                                         ^
      77 |   }
      78 |
      79 |   async clickConversationWithStatus(status: string) {
        at MessagesPage.clickFirstConversation (/Users/htran/Playwright/practice-nopCommerce/pages/messagesPage.ts:76:41)
        at /Users/htran/Playwright/practice-nopCommerce/tests/messages/verifyConversation.spec.ts:7:24

    attachment #1: screenshot (image/png) ──────────────────────────────────────────────────────────
    test-results/messages-verifyConversatio-fa268--is-visible-in-compose-area-chromium/test-failed-1.png
    ────────────────────────────────────────────────────────────────────────────────────────────────

    attachment #2: video (video/webm) ──────────────────────────────────────────────────────────────
    test-results/messages-verifyConversatio-fa268--is-visible-in-compose-area-chromium/video.webm
    ────────────────────────────────────────────────────────────────────────────────────────────────

    Error Context: test-results/messages-verifyConversatio-fa268--is-visible-in-compose-area-chromium/error-context.md

    Retry #1 ───────────────────────────────────────────────────────────────────────────────────────

    [31mTest timeout of 30000ms exceeded while running "beforeEach" hook.[39m

      3 |
      4 | test.describe('Conversation View', () => {
    > 5 |   test.beforeEach(async ({ messagesPage }) => {
        |        ^
      6 |     await messagesPage.gotoMessages();
      7 |     await messagesPage.clickFirstConversation();
      8 |   });
        at /Users/htran/Playwright/practice-nopCommerce/tests/messages/verifyConversation.spec.ts:5:8

    Error: locator.click: Test timeout of 30000ms exceeded.
    Call log:
    [2m  - waiting for getByTestId('conversation-item').first()[22m


       at ../pages/messagesPage.ts:76

      74 |
      75 |   async clickFirstConversation() {
    > 76 |     await this.conversationItem.first().click();
         |                                         ^
      77 |   }
      78 |
      79 |   async clickConversationWithStatus(status: string) {
        at MessagesPage.clickFirstConversation (/Users/htran/Playwright/practice-nopCommerce/pages/messagesPage.ts:76:41)
        at /Users/htran/Playwright/practice-nopCommerce/tests/messages/verifyConversation.spec.ts:7:24

    attachment #1: screenshot (image/png) ──────────────────────────────────────────────────────────
    test-results/messages-verifyConversatio-fa268--is-visible-in-compose-area-chromium-retry1/test-failed-1.png
    ────────────────────────────────────────────────────────────────────────────────────────────────

    attachment #2: video (video/webm) ──────────────────────────────────────────────────────────────
    test-results/messages-verifyConversatio-fa268--is-visible-in-compose-area-chromium-retry1/video.webm
    ────────────────────────────────────────────────────────────────────────────────────────────────

    Error Context: test-results/messages-verifyConversatio-fa268--is-visible-in-compose-area-chromium-retry1/error-context.md

    attachment #4: trace (application/zip) ─────────────────────────────────────────────────────────
    test-results/messages-verifyConversatio-fa268--is-visible-in-compose-area-chromium-retry1/trace.zip
    Usage:

        npx playwright show-trace test-results/messages-verifyConversatio-fa268--is-visible-in-compose-area-chromium-retry1/trace.zip

    ────────────────────────────────────────────────────────────────────────────────────────────────


[1A[2K[22/99] [chromium] › tests/messages/verifyConversation.spec.ts:22:7 › Conversation View › Verify Send button is visible in compose area
[1A[2K[23/99] [chromium] › tests/messages/verifyConversation.spec.ts:22:7 › Conversation View › Verify Send button is visible in compose area (retry #1)
[1A[2K  10) [chromium] › tests/messages/verifyConversation.spec.ts:22:7 › Conversation View › Verify Send button is visible in compose area 

    [31mTest timeout of 30000ms exceeded while running "beforeEach" hook.[39m

      3 |
      4 | test.describe('Conversation View', () => {
    > 5 |   test.beforeEach(async ({ messagesPage }) => {
        |        ^
      6 |     await messagesPage.gotoMessages();
      7 |     await messagesPage.clickFirstConversation();
      8 |   });
        at /Users/htran/Playwright/practice-nopCommerce/tests/messages/verifyConversation.spec.ts:5:8

    Error: locator.click: Test timeout of 30000ms exceeded.
    Call log:
    [2m  - waiting for getByTestId('conversation-item').first()[22m


       at ../pages/messagesPage.ts:76

      74 |
      75 |   async clickFirstConversation() {
    > 76 |     await this.conversationItem.first().click();
         |                                         ^
      77 |   }
      78 |
      79 |   async clickConversationWithStatus(status: string) {
        at MessagesPage.clickFirstConversation (/Users/htran/Playwright/practice-nopCommerce/pages/messagesPage.ts:76:41)
        at /Users/htran/Playwright/practice-nopCommerce/tests/messages/verifyConversation.spec.ts:7:24

    attachment #1: screenshot (image/png) ──────────────────────────────────────────────────────────
    test-results/messages-verifyConversatio-abddd--is-visible-in-compose-area-chromium/test-failed-1.png
    ────────────────────────────────────────────────────────────────────────────────────────────────

    attachment #2: video (video/webm) ──────────────────────────────────────────────────────────────
    test-results/messages-verifyConversatio-abddd--is-visible-in-compose-area-chromium/video.webm
    ────────────────────────────────────────────────────────────────────────────────────────────────

    Error Context: test-results/messages-verifyConversatio-abddd--is-visible-in-compose-area-chromium/error-context.md

    Retry #1 ───────────────────────────────────────────────────────────────────────────────────────

    [31mTest timeout of 30000ms exceeded while running "beforeEach" hook.[39m

      3 |
      4 | test.describe('Conversation View', () => {
    > 5 |   test.beforeEach(async ({ messagesPage }) => {
        |        ^
      6 |     await messagesPage.gotoMessages();
      7 |     await messagesPage.clickFirstConversation();
      8 |   });
        at /Users/htran/Playwright/practice-nopCommerce/tests/messages/verifyConversation.spec.ts:5:8

    Error: locator.click: Test timeout of 30000ms exceeded.
    Call log:
    [2m  - waiting for getByTestId('conversation-item').first()[22m


       at ../pages/messagesPage.ts:76

      74 |
      75 |   async clickFirstConversation() {
    > 76 |     await this.conversationItem.first().click();
         |                                         ^
      77 |   }
      78 |
      79 |   async clickConversationWithStatus(status: string) {
        at MessagesPage.clickFirstConversation (/Users/htran/Playwright/practice-nopCommerce/pages/messagesPage.ts:76:41)
        at /Users/htran/Playwright/practice-nopCommerce/tests/messages/verifyConversation.spec.ts:7:24

    attachment #1: screenshot (image/png) ──────────────────────────────────────────────────────────
    test-results/messages-verifyConversatio-abddd--is-visible-in-compose-area-chromium-retry1/test-failed-1.png
    ────────────────────────────────────────────────────────────────────────────────────────────────

    attachment #2: video (video/webm) ──────────────────────────────────────────────────────────────
    test-results/messages-verifyConversatio-abddd--is-visible-in-compose-area-chromium-retry1/video.webm
    ────────────────────────────────────────────────────────────────────────────────────────────────

    Error Context: test-results/messages-verifyConversatio-abddd--is-visible-in-compose-area-chromium-retry1/error-context.md

    attachment #4: trace (application/zip) ─────────────────────────────────────────────────────────
    test-results/messages-verifyConversatio-abddd--is-visible-in-compose-area-chromium-retry1/trace.zip
    Usage:

        npx playwright show-trace test-results/messages-verifyConversatio-abddd--is-visible-in-compose-area-chromium-retry1/trace.zip

    ────────────────────────────────────────────────────────────────────────────────────────────────


[1A[2K[24/99] [chromium] › tests/messages/verifyConversation.spec.ts:26:7 › Conversation View › Verify user can type a message in compose area
[1A[2K[25/99] [chromium] › tests/messages/verifyConversation.spec.ts:26:7 › Conversation View › Verify user can type a message in compose area (retry #1)
[1A[2K  11) [chromium] › tests/messages/verifyConversation.spec.ts:26:7 › Conversation View › Verify user can type a message in compose area 

    [31mTest timeout of 30000ms exceeded while running "beforeEach" hook.[39m

      3 |
      4 | test.describe('Conversation View', () => {
    > 5 |   test.beforeEach(async ({ messagesPage }) => {
        |        ^
      6 |     await messagesPage.gotoMessages();
      7 |     await messagesPage.clickFirstConversation();
      8 |   });
        at /Users/htran/Playwright/practice-nopCommerce/tests/messages/verifyConversation.spec.ts:5:8

    Error: locator.click: Test timeout of 30000ms exceeded.
    Call log:
    [2m  - waiting for getByTestId('conversation-item').first()[22m


       at ../pages/messagesPage.ts:76

      74 |
      75 |   async clickFirstConversation() {
    > 76 |     await this.conversationItem.first().click();
         |                                         ^
      77 |   }
      78 |
      79 |   async clickConversationWithStatus(status: string) {
        at MessagesPage.clickFirstConversation (/Users/htran/Playwright/practice-nopCommerce/pages/messagesPage.ts:76:41)
        at /Users/htran/Playwright/practice-nopCommerce/tests/messages/verifyConversation.spec.ts:7:24

    attachment #1: screenshot (image/png) ──────────────────────────────────────────────────────────
    test-results/messages-verifyConversatio-70288-e-a-message-in-compose-area-chromium/test-failed-1.png
    ────────────────────────────────────────────────────────────────────────────────────────────────

    attachment #2: video (video/webm) ──────────────────────────────────────────────────────────────
    test-results/messages-verifyConversatio-70288-e-a-message-in-compose-area-chromium/video.webm
    ────────────────────────────────────────────────────────────────────────────────────────────────

    Error Context: test-results/messages-verifyConversatio-70288-e-a-message-in-compose-area-chromium/error-context.md

    Retry #1 ───────────────────────────────────────────────────────────────────────────────────────

    [31mTest timeout of 30000ms exceeded while running "beforeEach" hook.[39m

      3 |
      4 | test.describe('Conversation View', () => {
    > 5 |   test.beforeEach(async ({ messagesPage }) => {
        |        ^
      6 |     await messagesPage.gotoMessages();
      7 |     await messagesPage.clickFirstConversation();
      8 |   });
        at /Users/htran/Playwright/practice-nopCommerce/tests/messages/verifyConversation.spec.ts:5:8

    Error: locator.click: Test timeout of 30000ms exceeded.
    Call log:
    [2m  - waiting for getByTestId('conversation-item').first()[22m


       at ../pages/messagesPage.ts:76

      74 |
      75 |   async clickFirstConversation() {
    > 76 |     await this.conversationItem.first().click();
         |                                         ^
      77 |   }
      78 |
      79 |   async clickConversationWithStatus(status: string) {
        at MessagesPage.clickFirstConversation (/Users/htran/Playwright/practice-nopCommerce/pages/messagesPage.ts:76:41)
        at /Users/htran/Playwright/practice-nopCommerce/tests/messages/verifyConversation.spec.ts:7:24

    attachment #1: screenshot (image/png) ──────────────────────────────────────────────────────────
    test-results/messages-verifyConversatio-70288-e-a-message-in-compose-area-chromium-retry1/test-failed-1.png
    ────────────────────────────────────────────────────────────────────────────────────────────────

    attachment #2: video (video/webm) ──────────────────────────────────────────────────────────────
    test-results/messages-verifyConversatio-70288-e-a-message-in-compose-area-chromium-retry1/video.webm
    ────────────────────────────────────────────────────────────────────────────────────────────────

    Error Context: test-results/messages-verifyConversatio-70288-e-a-message-in-compose-area-chromium-retry1/error-context.md

    attachment #4: trace (application/zip) ─────────────────────────────────────────────────────────
    test-results/messages-verifyConversatio-70288-e-a-message-in-compose-area-chromium-retry1/trace.zip
    Usage:

        npx playwright show-trace test-results/messages-verifyConversatio-70288-e-a-message-in-compose-area-chromium-retry1/trace.zip

    ────────────────────────────────────────────────────────────────────────────────────────────────


[1A[2K[26/99] [chromium] › tests/messages/verifyConversation.spec.ts:33:7 › Conversation View › Verify Generate Reply dialog opens when clicking Generate Reply
[1A[2K[27/99] [chromium] › tests/messages/verifyConversation.spec.ts:33:7 › Conversation View › Verify Generate Reply dialog opens when clicking Generate Reply (retry #1)
[1A[2K  12) [chromium] › tests/messages/verifyConversation.spec.ts:33:7 › Conversation View › Verify Generate Reply dialog opens when clicking Generate Reply 

    [31mTest timeout of 30000ms exceeded while running "beforeEach" hook.[39m

      3 |
      4 | test.describe('Conversation View', () => {
    > 5 |   test.beforeEach(async ({ messagesPage }) => {
        |        ^
      6 |     await messagesPage.gotoMessages();
      7 |     await messagesPage.clickFirstConversation();
      8 |   });
        at /Users/htran/Playwright/practice-nopCommerce/tests/messages/verifyConversation.spec.ts:5:8

    Error: locator.click: Test timeout of 30000ms exceeded.
    Call log:
    [2m  - waiting for getByTestId('conversation-item').first()[22m


       at ../pages/messagesPage.ts:76

      74 |
      75 |   async clickFirstConversation() {
    > 76 |     await this.conversationItem.first().click();
         |                                         ^
      77 |   }
      78 |
      79 |   async clickConversationWithStatus(status: string) {
        at MessagesPage.clickFirstConversation (/Users/htran/Playwright/practice-nopCommerce/pages/messagesPage.ts:76:41)
        at /Users/htran/Playwright/practice-nopCommerce/tests/messages/verifyConversation.spec.ts:7:24

    attachment #1: screenshot (image/png) ──────────────────────────────────────────────────────────
    test-results/messages-verifyConversatio-b9c9d-hen-clicking-Generate-Reply-chromium/test-failed-1.png
    ────────────────────────────────────────────────────────────────────────────────────────────────

    attachment #2: video (video/webm) ──────────────────────────────────────────────────────────────
    test-results/messages-verifyConversatio-b9c9d-hen-clicking-Generate-Reply-chromium/video.webm
    ────────────────────────────────────────────────────────────────────────────────────────────────

    Error Context: test-results/messages-verifyConversatio-b9c9d-hen-clicking-Generate-Reply-chromium/error-context.md

    Retry #1 ───────────────────────────────────────────────────────────────────────────────────────

    [31mTest timeout of 30000ms exceeded while running "beforeEach" hook.[39m

      3 |
      4 | test.describe('Conversation View', () => {
    > 5 |   test.beforeEach(async ({ messagesPage }) => {
        |        ^
      6 |     await messagesPage.gotoMessages();
      7 |     await messagesPage.clickFirstConversation();
      8 |   });
        at /Users/htran/Playwright/practice-nopCommerce/tests/messages/verifyConversation.spec.ts:5:8

    Error: locator.click: Test timeout of 30000ms exceeded.
    Call log:
    [2m  - waiting for getByTestId('conversation-item').first()[22m


       at ../pages/messagesPage.ts:76

      74 |
      75 |   async clickFirstConversation() {
    > 76 |     await this.conversationItem.first().click();
         |                                         ^
      77 |   }
      78 |
      79 |   async clickConversationWithStatus(status: string) {
        at MessagesPage.clickFirstConversation (/Users/htran/Playwright/practice-nopCommerce/pages/messagesPage.ts:76:41)
        at /Users/htran/Playwright/practice-nopCommerce/tests/messages/verifyConversation.spec.ts:7:24

    attachment #1: screenshot (image/png) ──────────────────────────────────────────────────────────
    test-results/messages-verifyConversatio-b9c9d-hen-clicking-Generate-Reply-chromium-retry1/test-failed-1.png
    ────────────────────────────────────────────────────────────────────────────────────────────────

    attachment #2: video (video/webm) ──────────────────────────────────────────────────────────────
    test-results/messages-verifyConversatio-b9c9d-hen-clicking-Generate-Reply-chromium-retry1/video.webm
    ────────────────────────────────────────────────────────────────────────────────────────────────

    Error Context: test-results/messages-verifyConversatio-b9c9d-hen-clicking-Generate-Reply-chromium-retry1/error-context.md

    attachment #4: trace (application/zip) ─────────────────────────────────────────────────────────
    test-results/messages-verifyConversatio-b9c9d-hen-clicking-Generate-Reply-chromium-retry1/trace.zip
    Usage:

        npx playwright show-trace test-results/messages-verifyConversatio-b9c9d-hen-clicking-Generate-Reply-chromium-retry1/trace.zip

    ────────────────────────────────────────────────────────────────────────────────────────────────


[1A[2K[28/99] [chromium] › tests/messages/verifyConversation.spec.ts:38:7 › Conversation View › Verify conversation details panel is visible when conversation is open
[1A[2K[29/99] [chromium] › tests/messages/verifyConversation.spec.ts:38:7 › Conversation View › Verify conversation details panel is visible when conversation is open (retry #1)
[1A[2K  13) [chromium] › tests/messages/verifyConversation.spec.ts:38:7 › Conversation View › Verify conversation details panel is visible when conversation is open 

    [31mTest timeout of 30000ms exceeded while running "beforeEach" hook.[39m

      3 |
      4 | test.describe('Conversation View', () => {
    > 5 |   test.beforeEach(async ({ messagesPage }) => {
        |        ^
      6 |     await messagesPage.gotoMessages();
      7 |     await messagesPage.clickFirstConversation();
      8 |   });
        at /Users/htran/Playwright/practice-nopCommerce/tests/messages/verifyConversation.spec.ts:5:8

    Error: locator.click: Test timeout of 30000ms exceeded.
    Call log:
    [2m  - waiting for getByTestId('conversation-item').first()[22m


       at ../pages/messagesPage.ts:76

      74 |
      75 |   async clickFirstConversation() {
    > 76 |     await this.conversationItem.first().click();
         |                                         ^
      77 |   }
      78 |
      79 |   async clickConversationWithStatus(status: string) {
        at MessagesPage.clickFirstConversation (/Users/htran/Playwright/practice-nopCommerce/pages/messagesPage.ts:76:41)
        at /Users/htran/Playwright/practice-nopCommerce/tests/messages/verifyConversation.spec.ts:7:24

    attachment #1: screenshot (image/png) ──────────────────────────────────────────────────────────
    test-results/messages-verifyConversatio-bced3-e-when-conversation-is-open-chromium/test-failed-1.png
    ────────────────────────────────────────────────────────────────────────────────────────────────

    attachment #2: video (video/webm) ──────────────────────────────────────────────────────────────
    test-results/messages-verifyConversatio-bced3-e-when-conversation-is-open-chromium/video.webm
    ────────────────────────────────────────────────────────────────────────────────────────────────

    Error Context: test-results/messages-verifyConversatio-bced3-e-when-conversation-is-open-chromium/error-context.md

    Retry #1 ───────────────────────────────────────────────────────────────────────────────────────

    [31mTest timeout of 30000ms exceeded while running "beforeEach" hook.[39m

      3 |
      4 | test.describe('Conversation View', () => {
    > 5 |   test.beforeEach(async ({ messagesPage }) => {
        |        ^
      6 |     await messagesPage.gotoMessages();
      7 |     await messagesPage.clickFirstConversation();
      8 |   });
        at /Users/htran/Playwright/practice-nopCommerce/tests/messages/verifyConversation.spec.ts:5:8

    Error: locator.click: Test timeout of 30000ms exceeded.
    Call log:
    [2m  - waiting for getByTestId('conversation-item').first()[22m


       at ../pages/messagesPage.ts:76

      74 |
      75 |   async clickFirstConversation() {
    > 76 |     await this.conversationItem.first().click();
         |                                         ^
      77 |   }
      78 |
      79 |   async clickConversationWithStatus(status: string) {
        at MessagesPage.clickFirstConversation (/Users/htran/Playwright/practice-nopCommerce/pages/messagesPage.ts:76:41)
        at /Users/htran/Playwright/practice-nopCommerce/tests/messages/verifyConversation.spec.ts:7:24

    attachment #1: screenshot (image/png) ──────────────────────────────────────────────────────────
    test-results/messages-verifyConversatio-bced3-e-when-conversation-is-open-chromium-retry1/test-failed-1.png
    ────────────────────────────────────────────────────────────────────────────────────────────────

    attachment #2: video (video/webm) ──────────────────────────────────────────────────────────────
    test-results/messages-verifyConversatio-bced3-e-when-conversation-is-open-chromium-retry1/video.webm
    ────────────────────────────────────────────────────────────────────────────────────────────────

    Error Context: test-results/messages-verifyConversatio-bced3-e-when-conversation-is-open-chromium-retry1/error-context.md

    attachment #4: trace (application/zip) ─────────────────────────────────────────────────────────
    test-results/messages-verifyConversatio-bced3-e-when-conversation-is-open-chromium-retry1/trace.zip
    Usage:

        npx playwright show-trace test-results/messages-verifyConversatio-bced3-e-when-conversation-is-open-chromium-retry1/trace.zip

    ────────────────────────────────────────────────────────────────────────────────────────────────


[1A[2K[30/99] [chromium] › tests/messages/verifyConversation.spec.ts:48:7 › Conversation List Items › Verify clicking a conversation item opens that conversation
[1A[2K[31/99] [chromium] › tests/messages/verifyConversation.spec.ts:48:7 › Conversation List Items › Verify clicking a conversation item opens that conversation (retry #1)
[1A[2K  14) [chromium] › tests/messages/verifyConversation.spec.ts:48:7 › Conversation List Items › Verify clicking a conversation item opens that conversation 

    [31mTest timeout of 30000ms exceeded.[39m

    Error: locator.click: Test timeout of 30000ms exceeded.
    Call log:
    [2m  - waiting for getByTestId('conversation-item').first()[22m


       at ../pages/messagesPage.ts:76

      74 |
      75 |   async clickFirstConversation() {
    > 76 |     await this.conversationItem.first().click();
         |                                         ^
      77 |   }
      78 |
      79 |   async clickConversationWithStatus(status: string) {
        at MessagesPage.clickFirstConversation (/Users/htran/Playwright/practice-nopCommerce/pages/messagesPage.ts:76:41)
        at /Users/htran/Playwright/practice-nopCommerce/tests/messages/verifyConversation.spec.ts:49:24

    attachment #1: screenshot (image/png) ──────────────────────────────────────────────────────────
    test-results/messages-verifyConversatio-1cc6f-tem-opens-that-conversation-chromium/test-failed-1.png
    ────────────────────────────────────────────────────────────────────────────────────────────────

    attachment #2: video (video/webm) ──────────────────────────────────────────────────────────────
    test-results/messages-verifyConversatio-1cc6f-tem-opens-that-conversation-chromium/video.webm
    ────────────────────────────────────────────────────────────────────────────────────────────────

    Error Context: test-results/messages-verifyConversatio-1cc6f-tem-opens-that-conversation-chromium/error-context.md

    Retry #1 ───────────────────────────────────────────────────────────────────────────────────────

    [31mTest timeout of 30000ms exceeded.[39m

    Error: locator.click: Test timeout of 30000ms exceeded.
    Call log:
    [2m  - waiting for getByTestId('conversation-item').first()[22m


       at ../pages/messagesPage.ts:76

      74 |
      75 |   async clickFirstConversation() {
    > 76 |     await this.conversationItem.first().click();
         |                                         ^
      77 |   }
      78 |
      79 |   async clickConversationWithStatus(status: string) {
        at MessagesPage.clickFirstConversation (/Users/htran/Playwright/practice-nopCommerce/pages/messagesPage.ts:76:41)
        at /Users/htran/Playwright/practice-nopCommerce/tests/messages/verifyConversation.spec.ts:49:24

    attachment #1: screenshot (image/png) ──────────────────────────────────────────────────────────
    test-results/messages-verifyConversatio-1cc6f-tem-opens-that-conversation-chromium-retry1/test-failed-1.png
    ────────────────────────────────────────────────────────────────────────────────────────────────

    attachment #2: video (video/webm) ──────────────────────────────────────────────────────────────
    test-results/messages-verifyConversatio-1cc6f-tem-opens-that-conversation-chromium-retry1/video.webm
    ────────────────────────────────────────────────────────────────────────────────────────────────

    Error Context: test-results/messages-verifyConversatio-1cc6f-tem-opens-that-conversation-chromium-retry1/error-context.md

    attachment #4: trace (application/zip) ─────────────────────────────────────────────────────────
    test-results/messages-verifyConversatio-1cc6f-tem-opens-that-conversation-chromium-retry1/trace.zip
    Usage:

        npx playwright show-trace test-results/messages-verifyConversatio-1cc6f-tem-opens-that-conversation-chromium-retry1/trace.zip

    ────────────────────────────────────────────────────────────────────────────────────────────────


[1A[2K[32/99] [chromium] › tests/messages/verifyConversation.spec.ts:54:7 › Conversation List Items › Verify conversation items display guest name
[1A[2K[33/99] [chromium] › tests/messages/verifyConversation.spec.ts:54:7 › Conversation List Items › Verify conversation items display guest name (retry #1)
[1A[2K  15) [chromium] › tests/messages/verifyConversation.spec.ts:54:7 › Conversation List Items › Verify conversation items display guest name 

    Error: [2mexpect([22m[31mlocator[39m[2m).[22mtoBeVisible[2m([22m[2m)[22m failed

    Locator: getByTestId('conversation-guest-name').first()
    Expected: visible
    Timeout: 5000ms
    Error: element(s) not found

    Call log:
    [2m  - Expect "toBeVisible" with timeout 5000ms[22m
    [2m  - waiting for getByTestId('conversation-guest-name').first()[22m


      54 |   test('Verify conversation items display guest name', async ({ messagesPage }) => {
      55 |     const firstName = messagesPage.conversationGuestName.first();
    > 56 |     await expect(firstName).toBeVisible();
         |                             ^
      57 |     const name = await firstName.textContent();
      58 |     expect(name?.trim().length).toBeGreaterThan(0);
      59 |   });
        at /Users/htran/Playwright/practice-nopCommerce/tests/messages/verifyConversation.spec.ts:56:29

    attachment #1: screenshot (image/png) ──────────────────────────────────────────────────────────
    test-results/messages-verifyConversatio-1042a-on-items-display-guest-name-chromium/test-failed-1.png
    ────────────────────────────────────────────────────────────────────────────────────────────────

    attachment #2: video (video/webm) ──────────────────────────────────────────────────────────────
    test-results/messages-verifyConversatio-1042a-on-items-display-guest-name-chromium/video.webm
    ────────────────────────────────────────────────────────────────────────────────────────────────

    Error Context: test-results/messages-verifyConversatio-1042a-on-items-display-guest-name-chromium/error-context.md

    Retry #1 ───────────────────────────────────────────────────────────────────────────────────────

    Error: [2mexpect([22m[31mlocator[39m[2m).[22mtoBeVisible[2m([22m[2m)[22m failed

    Locator: getByTestId('conversation-guest-name').first()
    Expected: visible
    Timeout: 5000ms
    Error: element(s) not found

    Call log:
    [2m  - Expect "toBeVisible" with timeout 5000ms[22m
    [2m  - waiting for getByTestId('conversation-guest-name').first()[22m


      54 |   test('Verify conversation items display guest name', async ({ messagesPage }) => {
      55 |     const firstName = messagesPage.conversationGuestName.first();
    > 56 |     await expect(firstName).toBeVisible();
         |                             ^
      57 |     const name = await firstName.textContent();
      58 |     expect(name?.trim().length).toBeGreaterThan(0);
      59 |   });
        at /Users/htran/Playwright/practice-nopCommerce/tests/messages/verifyConversation.spec.ts:56:29

    attachment #1: screenshot (image/png) ──────────────────────────────────────────────────────────
    test-results/messages-verifyConversatio-1042a-on-items-display-guest-name-chromium-retry1/test-failed-1.png
    ────────────────────────────────────────────────────────────────────────────────────────────────

    attachment #2: video (video/webm) ──────────────────────────────────────────────────────────────
    test-results/messages-verifyConversatio-1042a-on-items-display-guest-name-chromium-retry1/video.webm
    ────────────────────────────────────────────────────────────────────────────────────────────────

    Error Context: test-results/messages-verifyConversatio-1042a-on-items-display-guest-name-chromium-retry1/error-context.md

    attachment #4: trace (application/zip) ─────────────────────────────────────────────────────────
    test-results/messages-verifyConversatio-1042a-on-items-display-guest-name-chromium-retry1/trace.zip
    Usage:

        npx playwright show-trace test-results/messages-verifyConversatio-1042a-on-items-display-guest-name-chromium-retry1/trace.zip

    ────────────────────────────────────────────────────────────────────────────────────────────────


[1A[2K[34/99] [chromium] › tests/messages/verifyConversation.spec.ts:61:7 › Conversation List Items › Verify conversation items display booking status
[1A[2K[35/99] [chromium] › tests/messages/verifyConversation.spec.ts:61:7 › Conversation List Items › Verify conversation items display booking status (retry #1)
[1A[2K  16) [chromium] › tests/messages/verifyConversation.spec.ts:61:7 › Conversation List Items › Verify conversation items display booking status 

    Error: [2mexpect([22m[31mlocator[39m[2m).[22mtoBeVisible[2m([22m[2m)[22m failed

    Locator: getByTestId('conversation-status').first()
    Expected: visible
    Timeout: 5000ms
    Error: element(s) not found

    Call log:
    [2m  - Expect "toBeVisible" with timeout 5000ms[22m
    [2m  - waiting for getByTestId('conversation-status').first()[22m


      60 |
      61 |   test('Verify conversation items display booking status', async ({ messagesPage }) => {
    > 62 |     await expect(messagesPage.conversationStatus.first()).toBeVisible();
         |                                                           ^
      63 |   });
      64 | });
      65 |
        at /Users/htran/Playwright/practice-nopCommerce/tests/messages/verifyConversation.spec.ts:62:59

    attachment #1: screenshot (image/png) ──────────────────────────────────────────────────────────
    test-results/messages-verifyConversatio-3c724-tems-display-booking-status-chromium/test-failed-1.png
    ────────────────────────────────────────────────────────────────────────────────────────────────

    attachment #2: video (video/webm) ──────────────────────────────────────────────────────────────
    test-results/messages-verifyConversatio-3c724-tems-display-booking-status-chromium/video.webm
    ────────────────────────────────────────────────────────────────────────────────────────────────

    Error Context: test-results/messages-verifyConversatio-3c724-tems-display-booking-status-chromium/error-context.md

    Retry #1 ───────────────────────────────────────────────────────────────────────────────────────

    Error: [2mexpect([22m[31mlocator[39m[2m).[22mtoBeVisible[2m([22m[2m)[22m failed

    Locator: getByTestId('conversation-status').first()
    Expected: visible
    Timeout: 5000ms
    Error: element(s) not found

    Call log:
    [2m  - Expect "toBeVisible" with timeout 5000ms[22m
    [2m  - waiting for getByTestId('conversation-status').first()[22m


      60 |
      61 |   test('Verify conversation items display booking status', async ({ messagesPage }) => {
    > 62 |     await expect(messagesPage.conversationStatus.first()).toBeVisible();
         |                                                           ^
      63 |   });
      64 | });
      65 |
        at /Users/htran/Playwright/practice-nopCommerce/tests/messages/verifyConversation.spec.ts:62:59

    attachment #1: screenshot (image/png) ──────────────────────────────────────────────────────────
    test-results/messages-verifyConversatio-3c724-tems-display-booking-status-chromium-retry1/test-failed-1.png
    ────────────────────────────────────────────────────────────────────────────────────────────────

    attachment #2: video (video/webm) ──────────────────────────────────────────────────────────────
    test-results/messages-verifyConversatio-3c724-tems-display-booking-status-chromium-retry1/video.webm
    ────────────────────────────────────────────────────────────────────────────────────────────────

    Error Context: test-results/messages-verifyConversatio-3c724-tems-display-booking-status-chromium-retry1/error-context.md

    attachment #4: trace (application/zip) ─────────────────────────────────────────────────────────
    test-results/messages-verifyConversatio-3c724-tems-display-booking-status-chromium-retry1/trace.zip
    Usage:

        npx playwright show-trace test-results/messages-verifyConversatio-3c724-tems-display-booking-status-chromium-retry1/trace.zip

    ────────────────────────────────────────────────────────────────────────────────────────────────


[1A[2K[36/99] [chromium] › tests/messages/verifyConversationDetails.spec.ts:9:7 › Conversation Details — TC_03 › TC_03_002 — Message history visible with sender names
[1A[2K[37/99] [chromium] › tests/messages/verifyConversationDetails.spec.ts:9:7 › Conversation Details — TC_03 › TC_03_002 — Message history visible with sender names (retry #1)
[1A[2K  17) [chromium] › tests/messages/verifyConversationDetails.spec.ts:9:7 › Conversation Details — TC_03 › TC_03_002 — Message history visible with sender names 

    Error: [2mexpect([22m[31mlocator[39m[2m).[22mtoBeVisible[2m([22m[2m)[22m failed

    Locator: getByTestId('message-sender-name').first()
    Expected: visible
    Timeout: 5000ms
    Error: element(s) not found

    Call log:
    [2m  - Expect "toBeVisible" with timeout 5000ms[22m
    [2m  - waiting for getByTestId('message-sender-name').first()[22m


       8 |
       9 |   test('TC_03_002 — Message history visible with sender names', async ({ messagesPage }) => {
    > 10 |     await expect(messagesPage.messageSenderName.first()).toBeVisible();
         |                                                          ^
      11 |     const senderName = await messagesPage.messageSenderName.first().textContent();
      12 |     expect(senderName?.trim().length).toBeGreaterThan(0);
      13 |   });
        at /Users/htran/Playwright/practice-nopCommerce/tests/messages/verifyConversationDetails.spec.ts:10:58

    attachment #1: screenshot (image/png) ──────────────────────────────────────────────────────────
    test-results/messages-verifyConversatio-c97a3-y-visible-with-sender-names-chromium/test-failed-1.png
    ────────────────────────────────────────────────────────────────────────────────────────────────

    attachment #2: video (video/webm) ──────────────────────────────────────────────────────────────
    test-results/messages-verifyConversatio-c97a3-y-visible-with-sender-names-chromium/video.webm
    ────────────────────────────────────────────────────────────────────────────────────────────────

    Error Context: test-results/messages-verifyConversatio-c97a3-y-visible-with-sender-names-chromium/error-context.md

    Retry #1 ───────────────────────────────────────────────────────────────────────────────────────

    Error: [2mexpect([22m[31mlocator[39m[2m).[22mtoBeVisible[2m([22m[2m)[22m failed

    Locator: getByTestId('message-sender-name').first()
    Expected: visible
    Timeout: 5000ms
    Error: element(s) not found

    Call log:
    [2m  - Expect "toBeVisible" with timeout 5000ms[22m
    [2m  - waiting for getByTestId('message-sender-name').first()[22m


       8 |
       9 |   test('TC_03_002 — Message history visible with sender names', async ({ messagesPage }) => {
    > 10 |     await expect(messagesPage.messageSenderName.first()).toBeVisible();
         |                                                          ^
      11 |     const senderName = await messagesPage.messageSenderName.first().textContent();
      12 |     expect(senderName?.trim().length).toBeGreaterThan(0);
      13 |   });
        at /Users/htran/Playwright/practice-nopCommerce/tests/messages/verifyConversationDetails.spec.ts:10:58

    attachment #1: screenshot (image/png) ──────────────────────────────────────────────────────────
    test-results/messages-verifyConversatio-c97a3-y-visible-with-sender-names-chromium-retry1/test-failed-1.png
    ────────────────────────────────────────────────────────────────────────────────────────────────

    attachment #2: video (video/webm) ──────────────────────────────────────────────────────────────
    test-results/messages-verifyConversatio-c97a3-y-visible-with-sender-names-chromium-retry1/video.webm
    ────────────────────────────────────────────────────────────────────────────────────────────────

    Error Context: test-results/messages-verifyConversatio-c97a3-y-visible-with-sender-names-chromium-retry1/error-context.md

    attachment #4: trace (application/zip) ─────────────────────────────────────────────────────────
    test-results/messages-verifyConversatio-c97a3-y-visible-with-sender-names-chromium-retry1/trace.zip
    Usage:

        npx playwright show-trace test-results/messages-verifyConversatio-c97a3-y-visible-with-sender-names-chromium-retry1/trace.zip

    ────────────────────────────────────────────────────────────────────────────────────────────────


[1A[2K[38/99] [chromium] › tests/messages/verifyConversationDetails.spec.ts:15:7 › Conversation Details — TC_03 › TC_03_003 — Details panel shows booking info for open conversation
[1A[2K[39/99] [chromium] › tests/messages/verifyConversationDetails.spec.ts:15:7 › Conversation Details — TC_03 › TC_03_003 — Details panel shows booking info for open conversation (retry #1)
[1A[2K  18) [chromium] › tests/messages/verifyConversationDetails.spec.ts:15:7 › Conversation Details — TC_03 › TC_03_003 — Details panel shows booking info for open conversation 

    Error: [2mexpect([22m[31mlocator[39m[2m).[22mtoBeVisible[2m([22m[2m)[22m failed

    Locator: getByTestId('guests-details')
    Expected: visible
    Timeout: 5000ms
    Error: element(s) not found

    Call log:
    [2m  - Expect "toBeVisible" with timeout 5000ms[22m
    [2m  - waiting for getByTestId('guests-details')[22m


      14 |
      15 |   test('TC_03_003 — Details panel shows booking info for open conversation', async ({ messagesPage }) => {
    > 16 |     await expect(messagesPage.guestsDetails).toBeVisible();
         |                                              ^
      17 |   });
      18 |
      19 |   test('TC_03_006 — Booking request shows expiry countdown in conversation list', async ({ messagesPage }) => {
        at /Users/htran/Playwright/practice-nopCommerce/tests/messages/verifyConversationDetails.spec.ts:16:46

    attachment #1: screenshot (image/png) ──────────────────────────────────────────────────────────
    test-results/messages-verifyConversatio-2c015--info-for-open-conversation-chromium/test-failed-1.png
    ────────────────────────────────────────────────────────────────────────────────────────────────

    attachment #2: video (video/webm) ──────────────────────────────────────────────────────────────
    test-results/messages-verifyConversatio-2c015--info-for-open-conversation-chromium/video.webm
    ────────────────────────────────────────────────────────────────────────────────────────────────

    Error Context: test-results/messages-verifyConversatio-2c015--info-for-open-conversation-chromium/error-context.md

    Retry #1 ───────────────────────────────────────────────────────────────────────────────────────

    Error: [2mexpect([22m[31mlocator[39m[2m).[22mtoBeVisible[2m([22m[2m)[22m failed

    Locator: getByTestId('guests-details')
    Expected: visible
    Timeout: 5000ms
    Error: element(s) not found

    Call log:
    [2m  - Expect "toBeVisible" with timeout 5000ms[22m
    [2m  - waiting for getByTestId('guests-details')[22m


      14 |
      15 |   test('TC_03_003 — Details panel shows booking info for open conversation', async ({ messagesPage }) => {
    > 16 |     await expect(messagesPage.guestsDetails).toBeVisible();
         |                                              ^
      17 |   });
      18 |
      19 |   test('TC_03_006 — Booking request shows expiry countdown in conversation list', async ({ messagesPage }) => {
        at /Users/htran/Playwright/practice-nopCommerce/tests/messages/verifyConversationDetails.spec.ts:16:46

    attachment #1: screenshot (image/png) ──────────────────────────────────────────────────────────
    test-results/messages-verifyConversatio-2c015--info-for-open-conversation-chromium-retry1/test-failed-1.png
    ────────────────────────────────────────────────────────────────────────────────────────────────

    attachment #2: video (video/webm) ──────────────────────────────────────────────────────────────
    test-results/messages-verifyConversatio-2c015--info-for-open-conversation-chromium-retry1/video.webm
    ────────────────────────────────────────────────────────────────────────────────────────────────

    Error Context: test-results/messages-verifyConversatio-2c015--info-for-open-conversation-chromium-retry1/error-context.md

    attachment #4: trace (application/zip) ─────────────────────────────────────────────────────────
    test-results/messages-verifyConversatio-2c015--info-for-open-conversation-chromium-retry1/trace.zip
    Usage:

        npx playwright show-trace test-results/messages-verifyConversatio-2c015--info-for-open-conversation-chromium-retry1/trace.zip

    ────────────────────────────────────────────────────────────────────────────────────────────────


[1A[2K[40/99] [chromium] › tests/messages/verifyConversationDetails.spec.ts:19:7 › Conversation Details — TC_03 › TC_03_006 — Booking request shows expiry countdown in conversation list
[1A[2K[41/99] [chromium] › tests/messages/verifyConversationDetails.spec.ts:29:7 › Conversation Details — TC_03 › TC_03_004 — Booking request conversation shows Accept button in details panel
[1A[2K[42/99] [chromium] › tests/messages/verifyConversationDetails.spec.ts:39:7 › Conversation Details — TC_03 › TC_03_005 — Booking request conversation shows Decline button in details panel
[1A[2K[43/99] [chromium] › tests/messages/verifyConversationDetails.spec.ts:49:7 › Conversation Details — TC_03 › TC_03_007 — Past booking conversation does not show Accept or Decline buttons
[1A[2K[44/99] [chromium] › tests/messages/verifyHostReply.spec.ts:10:7 › Host Reply Flow — TC_09 › TC_09_007 — Full message history loads when opening a conversation
[1A[2K[45/99] [chromium] › tests/messages/verifyHostReply.spec.ts:10:7 › Host Reply Flow — TC_09 › TC_09_007 — Full message history loads when opening a conversation (retry #1)
[1A[2K  19) [chromium] › tests/messages/verifyHostReply.spec.ts:10:7 › Host Reply Flow — TC_09 › TC_09_007 — Full message history loads when opening a conversation 

    [31mTest timeout of 30000ms exceeded while running "beforeEach" hook.[39m

      3 |
      4 | test.describe('Host Reply Flow — TC_09', () => {
    > 5 |   test.beforeEach(async ({ messagesPage }) => {
        |        ^
      6 |     await messagesPage.gotoMessages();
      7 |     await messagesPage.clickFirstConversation();
      8 |   });
        at /Users/htran/Playwright/practice-nopCommerce/tests/messages/verifyHostReply.spec.ts:5:8

    Error: locator.click: Test timeout of 30000ms exceeded.
    Call log:
    [2m  - waiting for getByTestId('conversation-item').first()[22m


       at ../pages/messagesPage.ts:76

      74 |
      75 |   async clickFirstConversation() {
    > 76 |     await this.conversationItem.first().click();
         |                                         ^
      77 |   }
      78 |
      79 |   async clickConversationWithStatus(status: string) {
        at MessagesPage.clickFirstConversation (/Users/htran/Playwright/practice-nopCommerce/pages/messagesPage.ts:76:41)
        at /Users/htran/Playwright/practice-nopCommerce/tests/messages/verifyHostReply.spec.ts:7:24

    attachment #1: screenshot (image/png) ──────────────────────────────────────────────────────────
    test-results/messages-verifyHostReply-H-64228-when-opening-a-conversation-chromium/test-failed-1.png
    ────────────────────────────────────────────────────────────────────────────────────────────────

    attachment #2: video (video/webm) ──────────────────────────────────────────────────────────────
    test-results/messages-verifyHostReply-H-64228-when-opening-a-conversation-chromium/video.webm
    ────────────────────────────────────────────────────────────────────────────────────────────────

    Error Context: test-results/messages-verifyHostReply-H-64228-when-opening-a-conversation-chromium/error-context.md

    Retry #1 ───────────────────────────────────────────────────────────────────────────────────────

    [31mTest timeout of 30000ms exceeded while running "beforeEach" hook.[39m

      3 |
      4 | test.describe('Host Reply Flow — TC_09', () => {
    > 5 |   test.beforeEach(async ({ messagesPage }) => {
        |        ^
      6 |     await messagesPage.gotoMessages();
      7 |     await messagesPage.clickFirstConversation();
      8 |   });
        at /Users/htran/Playwright/practice-nopCommerce/tests/messages/verifyHostReply.spec.ts:5:8

    Error: locator.click: Test timeout of 30000ms exceeded.
    Call log:
    [2m  - waiting for getByTestId('conversation-item').first()[22m


       at ../pages/messagesPage.ts:76

      74 |
      75 |   async clickFirstConversation() {
    > 76 |     await this.conversationItem.first().click();
         |                                         ^
      77 |   }
      78 |
      79 |   async clickConversationWithStatus(status: string) {
        at MessagesPage.clickFirstConversation (/Users/htran/Playwright/practice-nopCommerce/pages/messagesPage.ts:76:41)
        at /Users/htran/Playwright/practice-nopCommerce/tests/messages/verifyHostReply.spec.ts:7:24

    attachment #1: screenshot (image/png) ──────────────────────────────────────────────────────────
    test-results/messages-verifyHostReply-H-64228-when-opening-a-conversation-chromium-retry1/test-failed-1.png
    ────────────────────────────────────────────────────────────────────────────────────────────────

    attachment #2: video (video/webm) ──────────────────────────────────────────────────────────────
    test-results/messages-verifyHostReply-H-64228-when-opening-a-conversation-chromium-retry1/video.webm
    ────────────────────────────────────────────────────────────────────────────────────────────────

    Error Context: test-results/messages-verifyHostReply-H-64228-when-opening-a-conversation-chromium-retry1/error-context.md

    attachment #4: trace (application/zip) ─────────────────────────────────────────────────────────
    test-results/messages-verifyHostReply-H-64228-when-opening-a-conversation-chromium-retry1/trace.zip
    Usage:

        npx playwright show-trace test-results/messages-verifyHostReply-H-64228-when-opening-a-conversation-chromium-retry1/trace.zip

    ────────────────────────────────────────────────────────────────────────────────────────────────


[1A[2K[46/99] [chromium] › tests/messages/verifyHostReply.spec.ts:16:7 › Host Reply Flow — TC_09 › TC_09_006 — Messages in conversation are in chronological order (oldest first)
[1A[2K[47/99] [chromium] › tests/messages/verifyHostReply.spec.ts:16:7 › Host Reply Flow — TC_09 › TC_09_006 — Messages in conversation are in chronological order (oldest first) (retry #1)
[1A[2K  20) [chromium] › tests/messages/verifyHostReply.spec.ts:16:7 › Host Reply Flow — TC_09 › TC_09_006 — Messages in conversation are in chronological order (oldest first) 

    [31mTest timeout of 30000ms exceeded while running "beforeEach" hook.[39m

      3 |
      4 | test.describe('Host Reply Flow — TC_09', () => {
    > 5 |   test.beforeEach(async ({ messagesPage }) => {
        |        ^
      6 |     await messagesPage.gotoMessages();
      7 |     await messagesPage.clickFirstConversation();
      8 |   });
        at /Users/htran/Playwright/practice-nopCommerce/tests/messages/verifyHostReply.spec.ts:5:8

    Error: locator.click: Test timeout of 30000ms exceeded.
    Call log:
    [2m  - waiting for getByTestId('conversation-item').first()[22m


       at ../pages/messagesPage.ts:76

      74 |
      75 |   async clickFirstConversation() {
    > 76 |     await this.conversationItem.first().click();
         |                                         ^
      77 |   }
      78 |
      79 |   async clickConversationWithStatus(status: string) {
        at MessagesPage.clickFirstConversation (/Users/htran/Playwright/practice-nopCommerce/pages/messagesPage.ts:76:41)
        at /Users/htran/Playwright/practice-nopCommerce/tests/messages/verifyHostReply.spec.ts:7:24

    attachment #1: screenshot (image/png) ──────────────────────────────────────────────────────────
    test-results/messages-verifyHostReply-H-6fe8a-logical-order-oldest-first--chromium/test-failed-1.png
    ────────────────────────────────────────────────────────────────────────────────────────────────

    attachment #2: video (video/webm) ──────────────────────────────────────────────────────────────
    test-results/messages-verifyHostReply-H-6fe8a-logical-order-oldest-first--chromium/video.webm
    ────────────────────────────────────────────────────────────────────────────────────────────────

    Error Context: test-results/messages-verifyHostReply-H-6fe8a-logical-order-oldest-first--chromium/error-context.md

    Retry #1 ───────────────────────────────────────────────────────────────────────────────────────

    [31mTest timeout of 30000ms exceeded while running "beforeEach" hook.[39m

      3 |
      4 | test.describe('Host Reply Flow — TC_09', () => {
    > 5 |   test.beforeEach(async ({ messagesPage }) => {
        |        ^
      6 |     await messagesPage.gotoMessages();
      7 |     await messagesPage.clickFirstConversation();
      8 |   });
        at /Users/htran/Playwright/practice-nopCommerce/tests/messages/verifyHostReply.spec.ts:5:8

    Error: locator.click: Test timeout of 30000ms exceeded.
    Call log:
    [2m  - waiting for getByTestId('conversation-item').first()[22m


       at ../pages/messagesPage.ts:76

      74 |
      75 |   async clickFirstConversation() {
    > 76 |     await this.conversationItem.first().click();
         |                                         ^
      77 |   }
      78 |
      79 |   async clickConversationWithStatus(status: string) {
        at MessagesPage.clickFirstConversation (/Users/htran/Playwright/practice-nopCommerce/pages/messagesPage.ts:76:41)
        at /Users/htran/Playwright/practice-nopCommerce/tests/messages/verifyHostReply.spec.ts:7:24

    attachment #1: screenshot (image/png) ──────────────────────────────────────────────────────────
    test-results/messages-verifyHostReply-H-6fe8a-logical-order-oldest-first--chromium-retry1/test-failed-1.png
    ────────────────────────────────────────────────────────────────────────────────────────────────

    attachment #2: video (video/webm) ──────────────────────────────────────────────────────────────
    test-results/messages-verifyHostReply-H-6fe8a-logical-order-oldest-first--chromium-retry1/video.webm
    ────────────────────────────────────────────────────────────────────────────────────────────────

    Error Context: test-results/messages-verifyHostReply-H-6fe8a-logical-order-oldest-first--chromium-retry1/error-context.md

    attachment #4: trace (application/zip) ─────────────────────────────────────────────────────────
    test-results/messages-verifyHostReply-H-6fe8a-logical-order-oldest-first--chromium-retry1/trace.zip
    Usage:

        npx playwright show-trace test-results/messages-verifyHostReply-H-6fe8a-logical-order-oldest-first--chromium-retry1/trace.zip

    ────────────────────────────────────────────────────────────────────────────────────────────────


[1A[2K[48/99] [chromium] › tests/messages/verifyHostReply.spec.ts:21:7 › Host Reply Flow — TC_09 › TC_09_001 — Host reply appends to thread without creating new conversation
[1A[2K[49/99] [chromium] › tests/messages/verifyHostReply.spec.ts:21:7 › Host Reply Flow — TC_09 › TC_09_001 — Host reply appends to thread without creating new conversation (retry #1)
[1A[2K  21) [chromium] › tests/messages/verifyHostReply.spec.ts:21:7 › Host Reply Flow — TC_09 › TC_09_001 — Host reply appends to thread without creating new conversation 

    [31mTest timeout of 30000ms exceeded while running "beforeEach" hook.[39m

      3 |
      4 | test.describe('Host Reply Flow — TC_09', () => {
    > 5 |   test.beforeEach(async ({ messagesPage }) => {
        |        ^
      6 |     await messagesPage.gotoMessages();
      7 |     await messagesPage.clickFirstConversation();
      8 |   });
        at /Users/htran/Playwright/practice-nopCommerce/tests/messages/verifyHostReply.spec.ts:5:8

    Error: locator.click: Test timeout of 30000ms exceeded.
    Call log:
    [2m  - waiting for getByTestId('conversation-item').first()[22m


       at ../pages/messagesPage.ts:76

      74 |
      75 |   async clickFirstConversation() {
    > 76 |     await this.conversationItem.first().click();
         |                                         ^
      77 |   }
      78 |
      79 |   async clickConversationWithStatus(status: string) {
        at MessagesPage.clickFirstConversation (/Users/htran/Playwright/practice-nopCommerce/pages/messagesPage.ts:76:41)
        at /Users/htran/Playwright/practice-nopCommerce/tests/messages/verifyHostReply.spec.ts:7:24

    attachment #1: screenshot (image/png) ──────────────────────────────────────────────────────────
    test-results/messages-verifyHostReply-H-d33ab-t-creating-new-conversation-chromium/test-failed-1.png
    ────────────────────────────────────────────────────────────────────────────────────────────────

    attachment #2: video (video/webm) ──────────────────────────────────────────────────────────────
    test-results/messages-verifyHostReply-H-d33ab-t-creating-new-conversation-chromium/video.webm
    ────────────────────────────────────────────────────────────────────────────────────────────────

    Error Context: test-results/messages-verifyHostReply-H-d33ab-t-creating-new-conversation-chromium/error-context.md

    Retry #1 ───────────────────────────────────────────────────────────────────────────────────────

    [31mTest timeout of 30000ms exceeded while running "beforeEach" hook.[39m

      3 |
      4 | test.describe('Host Reply Flow — TC_09', () => {
    > 5 |   test.beforeEach(async ({ messagesPage }) => {
        |        ^
      6 |     await messagesPage.gotoMessages();
      7 |     await messagesPage.clickFirstConversation();
      8 |   });
        at /Users/htran/Playwright/practice-nopCommerce/tests/messages/verifyHostReply.spec.ts:5:8

    Error: locator.click: Test timeout of 30000ms exceeded.
    Call log:
    [2m  - waiting for getByTestId('conversation-item').first()[22m


       at ../pages/messagesPage.ts:76

      74 |
      75 |   async clickFirstConversation() {
    > 76 |     await this.conversationItem.first().click();
         |                                         ^
      77 |   }
      78 |
      79 |   async clickConversationWithStatus(status: string) {
        at MessagesPage.clickFirstConversation (/Users/htran/Playwright/practice-nopCommerce/pages/messagesPage.ts:76:41)
        at /Users/htran/Playwright/practice-nopCommerce/tests/messages/verifyHostReply.spec.ts:7:24

    attachment #1: screenshot (image/png) ──────────────────────────────────────────────────────────
    test-results/messages-verifyHostReply-H-d33ab-t-creating-new-conversation-chromium-retry1/test-failed-1.png
    ────────────────────────────────────────────────────────────────────────────────────────────────

    attachment #2: video (video/webm) ──────────────────────────────────────────────────────────────
    test-results/messages-verifyHostReply-H-d33ab-t-creating-new-conversation-chromium-retry1/video.webm
    ────────────────────────────────────────────────────────────────────────────────────────────────

    Error Context: test-results/messages-verifyHostReply-H-d33ab-t-creating-new-conversation-chromium-retry1/error-context.md

    attachment #4: trace (application/zip) ─────────────────────────────────────────────────────────
    test-results/messages-verifyHostReply-H-d33ab-t-creating-new-conversation-chromium-retry1/trace.zip
    Usage:

        npx playwright show-trace test-results/messages-verifyHostReply-H-d33ab-t-creating-new-conversation-chromium-retry1/trace.zip

    ────────────────────────────────────────────────────────────────────────────────────────────────


[1A[2K[50/99] [chromium] › tests/messages/verifyHostReply.spec.ts:30:7 › Host Reply Flow — TC_09 › TC_09_002 — Compose area clears after sending reply
[1A[2K[51/99] [chromium] › tests/messages/verifyHostReply.spec.ts:30:7 › Host Reply Flow — TC_09 › TC_09_002 — Compose area clears after sending reply (retry #1)
[1A[2K  22) [chromium] › tests/messages/verifyHostReply.spec.ts:30:7 › Host Reply Flow — TC_09 › TC_09_002 — Compose area clears after sending reply 

    [31mTest timeout of 30000ms exceeded while running "beforeEach" hook.[39m

      3 |
      4 | test.describe('Host Reply Flow — TC_09', () => {
    > 5 |   test.beforeEach(async ({ messagesPage }) => {
        |        ^
      6 |     await messagesPage.gotoMessages();
      7 |     await messagesPage.clickFirstConversation();
      8 |   });
        at /Users/htran/Playwright/practice-nopCommerce/tests/messages/verifyHostReply.spec.ts:5:8

    Error: locator.click: Test timeout of 30000ms exceeded.
    Call log:
    [2m  - waiting for getByTestId('conversation-item').first()[22m


       at ../pages/messagesPage.ts:76

      74 |
      75 |   async clickFirstConversation() {
    > 76 |     await this.conversationItem.first().click();
         |                                         ^
      77 |   }
      78 |
      79 |   async clickConversationWithStatus(status: string) {
        at MessagesPage.clickFirstConversation (/Users/htran/Playwright/practice-nopCommerce/pages/messagesPage.ts:76:41)
        at /Users/htran/Playwright/practice-nopCommerce/tests/messages/verifyHostReply.spec.ts:7:24

    attachment #1: screenshot (image/png) ──────────────────────────────────────────────────────────
    test-results/messages-verifyHostReply-H-6ae83--clears-after-sending-reply-chromium/test-failed-1.png
    ────────────────────────────────────────────────────────────────────────────────────────────────

    attachment #2: video (video/webm) ──────────────────────────────────────────────────────────────
    test-results/messages-verifyHostReply-H-6ae83--clears-after-sending-reply-chromium/video.webm
    ────────────────────────────────────────────────────────────────────────────────────────────────

    Error Context: test-results/messages-verifyHostReply-H-6ae83--clears-after-sending-reply-chromium/error-context.md

    Retry #1 ───────────────────────────────────────────────────────────────────────────────────────

    [31mTest timeout of 30000ms exceeded while running "beforeEach" hook.[39m

      3 |
      4 | test.describe('Host Reply Flow — TC_09', () => {
    > 5 |   test.beforeEach(async ({ messagesPage }) => {
        |        ^
      6 |     await messagesPage.gotoMessages();
      7 |     await messagesPage.clickFirstConversation();
      8 |   });
        at /Users/htran/Playwright/practice-nopCommerce/tests/messages/verifyHostReply.spec.ts:5:8

    Error: locator.click: Test timeout of 30000ms exceeded.
    Call log:
    [2m  - waiting for getByTestId('conversation-item').first()[22m


       at ../pages/messagesPage.ts:76

      74 |
      75 |   async clickFirstConversation() {
    > 76 |     await this.conversationItem.first().click();
         |                                         ^
      77 |   }
      78 |
      79 |   async clickConversationWithStatus(status: string) {
        at MessagesPage.clickFirstConversation (/Users/htran/Playwright/practice-nopCommerce/pages/messagesPage.ts:76:41)
        at /Users/htran/Playwright/practice-nopCommerce/tests/messages/verifyHostReply.spec.ts:7:24

    attachment #1: screenshot (image/png) ──────────────────────────────────────────────────────────
    test-results/messages-verifyHostReply-H-6ae83--clears-after-sending-reply-chromium-retry1/test-failed-1.png
    ────────────────────────────────────────────────────────────────────────────────────────────────

    attachment #2: video (video/webm) ──────────────────────────────────────────────────────────────
    test-results/messages-verifyHostReply-H-6ae83--clears-after-sending-reply-chromium-retry1/video.webm
    ────────────────────────────────────────────────────────────────────────────────────────────────

    Error Context: test-results/messages-verifyHostReply-H-6ae83--clears-after-sending-reply-chromium-retry1/error-context.md

    attachment #4: trace (application/zip) ─────────────────────────────────────────────────────────
    test-results/messages-verifyHostReply-H-6ae83--clears-after-sending-reply-chromium-retry1/trace.zip
    Usage:

        npx playwright show-trace test-results/messages-verifyHostReply-H-6ae83--clears-after-sending-reply-chromium-retry1/trace.zip

    ────────────────────────────────────────────────────────────────────────────────────────────────


[1A[2K[52/99] [chromium] › tests/messages/verifyHostReply.spec.ts:36:7 › Host Reply Flow — TC_09 › TC_09_003 — Thread moves to top after host replies
[1A[2K[53/99] [chromium] › tests/messages/verifyHostReply.spec.ts:36:7 › Host Reply Flow — TC_09 › TC_09_003 — Thread moves to top after host replies (retry #1)
[1A[2K  23) [chromium] › tests/messages/verifyHostReply.spec.ts:36:7 › Host Reply Flow — TC_09 › TC_09_003 — Thread moves to top after host replies 

    [31mTest timeout of 30000ms exceeded while running "beforeEach" hook.[39m

      3 |
      4 | test.describe('Host Reply Flow — TC_09', () => {
    > 5 |   test.beforeEach(async ({ messagesPage }) => {
        |        ^
      6 |     await messagesPage.gotoMessages();
      7 |     await messagesPage.clickFirstConversation();
      8 |   });
        at /Users/htran/Playwright/practice-nopCommerce/tests/messages/verifyHostReply.spec.ts:5:8

    Error: locator.click: Test timeout of 30000ms exceeded.
    Call log:
    [2m  - waiting for getByTestId('conversation-item').first()[22m


       at ../pages/messagesPage.ts:76

      74 |
      75 |   async clickFirstConversation() {
    > 76 |     await this.conversationItem.first().click();
         |                                         ^
      77 |   }
      78 |
      79 |   async clickConversationWithStatus(status: string) {
        at MessagesPage.clickFirstConversation (/Users/htran/Playwright/practice-nopCommerce/pages/messagesPage.ts:76:41)
        at /Users/htran/Playwright/practice-nopCommerce/tests/messages/verifyHostReply.spec.ts:7:24

    attachment #1: screenshot (image/png) ──────────────────────────────────────────────────────────
    test-results/messages-verifyHostReply-H-629e1-s-to-top-after-host-replies-chromium/test-failed-1.png
    ────────────────────────────────────────────────────────────────────────────────────────────────

    attachment #2: video (video/webm) ──────────────────────────────────────────────────────────────
    test-results/messages-verifyHostReply-H-629e1-s-to-top-after-host-replies-chromium/video.webm
    ────────────────────────────────────────────────────────────────────────────────────────────────

    Error Context: test-results/messages-verifyHostReply-H-629e1-s-to-top-after-host-replies-chromium/error-context.md

    Retry #1 ───────────────────────────────────────────────────────────────────────────────────────

    [31mTest timeout of 30000ms exceeded while running "beforeEach" hook.[39m

      3 |
      4 | test.describe('Host Reply Flow — TC_09', () => {
    > 5 |   test.beforeEach(async ({ messagesPage }) => {
        |        ^
      6 |     await messagesPage.gotoMessages();
      7 |     await messagesPage.clickFirstConversation();
      8 |   });
        at /Users/htran/Playwright/practice-nopCommerce/tests/messages/verifyHostReply.spec.ts:5:8

    Error: locator.click: Test timeout of 30000ms exceeded.
    Call log:
    [2m  - waiting for getByTestId('conversation-item').first()[22m


       at ../pages/messagesPage.ts:76

      74 |
      75 |   async clickFirstConversation() {
    > 76 |     await this.conversationItem.first().click();
         |                                         ^
      77 |   }
      78 |
      79 |   async clickConversationWithStatus(status: string) {
        at MessagesPage.clickFirstConversation (/Users/htran/Playwright/practice-nopCommerce/pages/messagesPage.ts:76:41)
        at /Users/htran/Playwright/practice-nopCommerce/tests/messages/verifyHostReply.spec.ts:7:24

    attachment #1: screenshot (image/png) ──────────────────────────────────────────────────────────
    test-results/messages-verifyHostReply-H-629e1-s-to-top-after-host-replies-chromium-retry1/test-failed-1.png
    ────────────────────────────────────────────────────────────────────────────────────────────────

    attachment #2: video (video/webm) ──────────────────────────────────────────────────────────────
    test-results/messages-verifyHostReply-H-629e1-s-to-top-after-host-replies-chromium-retry1/video.webm
    ────────────────────────────────────────────────────────────────────────────────────────────────

    Error Context: test-results/messages-verifyHostReply-H-629e1-s-to-top-after-host-replies-chromium-retry1/error-context.md

    attachment #4: trace (application/zip) ─────────────────────────────────────────────────────────
    test-results/messages-verifyHostReply-H-629e1-s-to-top-after-host-replies-chromium-retry1/trace.zip
    Usage:

        npx playwright show-trace test-results/messages-verifyHostReply-H-629e1-s-to-top-after-host-replies-chromium-retry1/trace.zip

    ────────────────────────────────────────────────────────────────────────────────────────────────


[1A[2K[54/99] [chromium] › tests/messages/verifyHostReply.spec.ts:44:7 › Host Reply Flow — TC_09 › TC_09_004 & TC_09_005 — [SKIP] Guest follow-up requires guest-side session
[1A[2K[55/99] [chromium] › tests/messages/verifyHostReply.spec.ts:44:7 › Host Reply Flow — TC_09 › TC_09_004 & TC_09_005 — [SKIP] Guest follow-up requires guest-side session (retry #1)
[1A[2K  24) [chromium] › tests/messages/verifyHostReply.spec.ts:44:7 › Host Reply Flow — TC_09 › TC_09_004 & TC_09_005 — [SKIP] Guest follow-up requires guest-side session 

    [31mTest timeout of 30000ms exceeded while running "beforeEach" hook.[39m

      3 |
      4 | test.describe('Host Reply Flow — TC_09', () => {
    > 5 |   test.beforeEach(async ({ messagesPage }) => {
        |        ^
      6 |     await messagesPage.gotoMessages();
      7 |     await messagesPage.clickFirstConversation();
      8 |   });
        at /Users/htran/Playwright/practice-nopCommerce/tests/messages/verifyHostReply.spec.ts:5:8

    Error: locator.click: Test timeout of 30000ms exceeded.
    Call log:
    [2m  - waiting for getByTestId('conversation-item').first()[22m


       at ../pages/messagesPage.ts:76

      74 |
      75 |   async clickFirstConversation() {
    > 76 |     await this.conversationItem.first().click();
         |                                         ^
      77 |   }
      78 |
      79 |   async clickConversationWithStatus(status: string) {
        at MessagesPage.clickFirstConversation (/Users/htran/Playwright/practice-nopCommerce/pages/messagesPage.ts:76:41)
        at /Users/htran/Playwright/practice-nopCommerce/tests/messages/verifyHostReply.spec.ts:7:24

    attachment #1: screenshot (image/png) ──────────────────────────────────────────────────────────
    test-results/messages-verifyHostReply-H-8df46-requires-guest-side-session-chromium/test-failed-1.png
    ────────────────────────────────────────────────────────────────────────────────────────────────

    attachment #2: video (video/webm) ──────────────────────────────────────────────────────────────
    test-results/messages-verifyHostReply-H-8df46-requires-guest-side-session-chromium/video.webm
    ────────────────────────────────────────────────────────────────────────────────────────────────

    Error Context: test-results/messages-verifyHostReply-H-8df46-requires-guest-side-session-chromium/error-context.md

    Retry #1 ───────────────────────────────────────────────────────────────────────────────────────

    [31mTest timeout of 30000ms exceeded while running "beforeEach" hook.[39m

      3 |
      4 | test.describe('Host Reply Flow — TC_09', () => {
    > 5 |   test.beforeEach(async ({ messagesPage }) => {
        |        ^
      6 |     await messagesPage.gotoMessages();
      7 |     await messagesPage.clickFirstConversation();
      8 |   });
        at /Users/htran/Playwright/practice-nopCommerce/tests/messages/verifyHostReply.spec.ts:5:8

    Error: locator.click: Test timeout of 30000ms exceeded.
    Call log:
    [2m  - waiting for getByTestId('conversation-item').first()[22m
    [2m    - locator resolved to <div tabindex="0" role="button" data-selected="true" data-conversation-item="true" data-test-id="conversation-item" data-conversation-id="ac8f9b8f-306e-4393-a86c-239f2ca42e31" class="_item_15nmp_1 m_8bffd616 mantine-Flex-root __m__-r8r __m__-r8s">…</div>[22m
    [2m  - attempting click action[22m
    [2m    2 × waiting for element to be visible, enabled and stable[22m
    [2m      - element is visible, enabled and stable[22m
    [2m      - scrolling into view if needed[22m
    [2m      - done scrolling[22m
    [2m      - <iframe allowfullscreen="" title="Chat Widget" id="hubspot-conversations-iframe" data-test-id="chat-widget-iframe" src="https://app.hubspot.com/conversations-visitor/9184802/threads/utk/8dbcc9267efc4d9bb8d7e793678ddb1b?uuid=9ff1b6e8bc9b4d7b89e8a51861f9436b&mobile=false&mobileSafari=false&hideWelcomeMessage=false&hstc=90014660.35a5e8606d5ddd8e687c114114440e6d.1782726668669.1782726668669.1782726668669.1&domain=goto.your.rentals&inApp53=false&messagesUtk=8dbcc9267efc4d9bb8d7e793678ddb1b&url=https%3A%2F%2…></iframe> from <div role="region" aria-label="Chat Widget" class="widget-align-left" id="hubspot-messages-iframe-container">…</div> subtree intercepts pointer events[22m
    [2m    - retrying click action[22m
    [2m    - waiting 20ms[22m
    [2m    2 × waiting for element to be visible, enabled and stable[22m
    [2m      - element is visible, enabled and stable[22m
    [2m      - scrolling into view if needed[22m
    [2m      - done scrolling[22m
    [2m      - <iframe allowfullscreen="" title="Chat Widget" id="hubspot-conversations-iframe" data-test-id="chat-widget-iframe" src="https://app.hubspot.com/conversations-visitor/9184802/threads/utk/8dbcc9267efc4d9bb8d7e793678ddb1b?uuid=9ff1b6e8bc9b4d7b89e8a51861f9436b&mobile=false&mobileSafari=false&hideWelcomeMessage=false&hstc=90014660.35a5e8606d5ddd8e687c114114440e6d.1782726668669.1782726668669.1782726668669.1&domain=goto.your.rentals&inApp53=false&messagesUtk=8dbcc9267efc4d9bb8d7e793678ddb1b&url=https%3A%2F%2…></iframe> from <div role="region" aria-label="Chat Widget" class="widget-align-left" id="hubspot-messages-iframe-container">…</div> subtree intercepts pointer events[22m
    [2m    - retrying click action[22m
    [2m      - waiting 100ms[22m
    [2m    46 × waiting for element to be visible, enabled and stable[22m
    [2m       - element is visible, enabled and stable[22m
    [2m       - scrolling into view if needed[22m
    [2m       - done scrolling[22m
    [2m       - <iframe allowfullscreen="" title="Chat Widget" id="hubspot-conversations-iframe" data-test-id="chat-widget-iframe" src="https://app.hubspot.com/conversations-visitor/9184802/threads/utk/8dbcc9267efc4d9bb8d7e793678ddb1b?uuid=9ff1b6e8bc9b4d7b89e8a51861f9436b&mobile=false&mobileSafari=false&hideWelcomeMessage=false&hstc=90014660.35a5e8606d5ddd8e687c114114440e6d.1782726668669.1782726668669.1782726668669.1&domain=goto.your.rentals&inApp53=false&messagesUtk=8dbcc9267efc4d9bb8d7e793678ddb1b&url=https%3A%2F%2…></iframe> from <div role="region" aria-label="Chat Widget" class="widget-align-left" id="hubspot-messages-iframe-container">…</div> subtree intercepts pointer events[22m
    [2m     - retrying click action[22m
    [2m       - waiting 500ms[22m


       at ../pages/messagesPage.ts:76

      74 |
      75 |   async clickFirstConversation() {
    > 76 |     await this.conversationItem.first().click();
         |                                         ^
      77 |   }
      78 |
      79 |   async clickConversationWithStatus(status: string) {
        at MessagesPage.clickFirstConversation (/Users/htran/Playwright/practice-nopCommerce/pages/messagesPage.ts:76:41)
        at /Users/htran/Playwright/practice-nopCommerce/tests/messages/verifyHostReply.spec.ts:7:24

    attachment #1: screenshot (image/png) ──────────────────────────────────────────────────────────
    test-results/messages-verifyHostReply-H-8df46-requires-guest-side-session-chromium-retry1/test-failed-1.png
    ────────────────────────────────────────────────────────────────────────────────────────────────

    attachment #2: video (video/webm) ──────────────────────────────────────────────────────────────
    test-results/messages-verifyHostReply-H-8df46-requires-guest-side-session-chromium-retry1/video.webm
    ────────────────────────────────────────────────────────────────────────────────────────────────

    Error Context: test-results/messages-verifyHostReply-H-8df46-requires-guest-side-session-chromium-retry1/error-context.md

    attachment #4: trace (application/zip) ─────────────────────────────────────────────────────────
    test-results/messages-verifyHostReply-H-8df46-requires-guest-side-session-chromium-retry1/trace.zip
    Usage:

        npx playwright show-trace test-results/messages-verifyHostReply-H-8df46-requires-guest-side-session-chromium-retry1/trace.zip

    ────────────────────────────────────────────────────────────────────────────────────────────────


[1A[2K[56/99] [chromium] › tests/messages/verifyImageUpload.spec.ts:31:7 › Send Attachment in Conversation — TC_11 › TC_11_001 — Attach file button is visible in the compose area
[1A[2K[57/99] [chromium] › tests/messages/verifyImageUpload.spec.ts:31:7 › Send Attachment in Conversation — TC_11 › TC_11_001 — Attach file button is visible in the compose area (retry #1)
[1A[2K  25) [chromium] › tests/messages/verifyImageUpload.spec.ts:31:7 › Send Attachment in Conversation — TC_11 › TC_11_001 — Attach file button is visible in the compose area 

    [31mTest timeout of 30000ms exceeded while running "beforeEach" hook.[39m

      13 |
      14 | test.describe('Send Attachment in Conversation — TC_11', () => {
    > 15 |   test.beforeEach(async ({ messagesPage }) => {
         |        ^
      16 |     await messagesPage.gotoMessages();
      17 |
      18 |     // Best-effort dismiss of newer onboarding overlays that can intercept clicks
        at /Users/htran/Playwright/practice-nopCommerce/tests/messages/verifyImageUpload.spec.ts:15:8

    Error: locator.click: Test timeout of 30000ms exceeded.
    Call log:
    [2m  - waiting for getByTestId('conversation-item').filter({ hasText: 'Your.Rentals: Booking confirmed' }).first()[22m
    [2m    - locator resolved to <div tabindex="0" role="button" data-conversation-item="true" data-test-id="conversation-item" data-conversation-id="0f4e6a07-063e-4418-a3a5-68a83e73fda8" class="_item_15nmp_1 m_8bffd616 mantine-Flex-root __m__-rj5 __m__-rj6">…</div>[22m
    [2m  - attempting click action[22m
    [2m    2 × waiting for element to be visible, enabled and stable[22m
    [2m      - element is visible, enabled and stable[22m
    [2m      - scrolling into view if needed[22m
    [2m      - done scrolling[22m
    [2m      - <iframe allowfullscreen="" title="Chat Widget" id="hubspot-conversations-iframe" data-test-id="chat-widget-iframe" src="https://app.hubspot.com/conversations-visitor/9184802/threads/utk/8dbcc9267efc4d9bb8d7e793678ddb1b?uuid=e0f226e27d0f4b07a323e038b29395fa&mobile=false&mobileSafari=false&hideWelcomeMessage=false&hstc=90014660.35a5e8606d5ddd8e687c114114440e6d.1782726668669.1782726668669.1782726668669.1&domain=goto.your.rentals&inApp53=false&messagesUtk=8dbcc9267efc4d9bb8d7e793678ddb1b&url=https%3A%2F%2…></iframe> from <div role="region" aria-label="Chat Widget" class="widget-align-left" id="hubspot-messages-iframe-container">…</div> subtree intercepts pointer events[22m
    [2m    - retrying click action[22m
    [2m    - waiting 20ms[22m
    [2m    2 × waiting for element to be visible, enabled and stable[22m
    [2m      - element is visible, enabled and stable[22m
    [2m      - scrolling into view if needed[22m
    [2m      - done scrolling[22m
    [2m      - <iframe allowfullscreen="" title="Chat Widget" id="hubspot-conversations-iframe" data-test-id="chat-widget-iframe" src="https://app.hubspot.com/conversations-visitor/9184802/threads/utk/8dbcc9267efc4d9bb8d7e793678ddb1b?uuid=e0f226e27d0f4b07a323e038b29395fa&mobile=false&mobileSafari=false&hideWelcomeMessage=false&hstc=90014660.35a5e8606d5ddd8e687c114114440e6d.1782726668669.1782726668669.1782726668669.1&domain=goto.your.rentals&inApp53=false&messagesUtk=8dbcc9267efc4d9bb8d7e793678ddb1b&url=https%3A%2F%2…></iframe> from <div role="region" aria-label="Chat Widget" class="widget-align-left" id="hubspot-messages-iframe-container">…</div> subtree intercepts pointer events[22m
    [2m    - retrying click action[22m
    [2m      - waiting 100ms[22m
    [2m    47 × waiting for element to be visible, enabled and stable[22m
    [2m       - element is visible, enabled and stable[22m
    [2m       - scrolling into view if needed[22m
    [2m       - done scrolling[22m
    [2m       - <iframe allowfullscreen="" title="Chat Widget" id="hubspot-conversations-iframe" data-test-id="chat-widget-iframe" src="https://app.hubspot.com/conversations-visitor/9184802/threads/utk/8dbcc9267efc4d9bb8d7e793678ddb1b?uuid=e0f226e27d0f4b07a323e038b29395fa&mobile=false&mobileSafari=false&hideWelcomeMessage=false&hstc=90014660.35a5e8606d5ddd8e687c114114440e6d.1782726668669.1782726668669.1782726668669.1&domain=goto.your.rentals&inApp53=false&messagesUtk=8dbcc9267efc4d9bb8d7e793678ddb1b&url=https%3A%2F%2…></iframe> from <div role="region" aria-label="Chat Widget" class="widget-align-left" id="hubspot-messages-iframe-container">…</div> subtree intercepts pointer events[22m
    [2m     - retrying click action[22m
    [2m       - waiting 500ms[22m


       at ../pages/messagesPage.ts:91

      89 |     const item = this.conversationItem.filter({ hasText: text }).first();
      90 |     await item.scrollIntoViewIfNeeded();
    > 91 |     await item.click();
         |                ^
      92 |   }
      93 |
      94 |   async typeMessage(message: string) {
        at MessagesPage.openConversationByText (/Users/htran/Playwright/practice-nopCommerce/pages/messagesPage.ts:91:16)
        at /Users/htran/Playwright/practice-nopCommerce/tests/messages/verifyImageUpload.spec.ts:27:5

    attachment #1: screenshot (image/png) ──────────────────────────────────────────────────────────
    test-results/messages-verifyImageUpload-8dc99-visible-in-the-compose-area-chromium/test-failed-1.png
    ────────────────────────────────────────────────────────────────────────────────────────────────

    attachment #2: video (video/webm) ──────────────────────────────────────────────────────────────
    test-results/messages-verifyImageUpload-8dc99-visible-in-the-compose-area-chromium/video.webm
    ────────────────────────────────────────────────────────────────────────────────────────────────

    Error Context: test-results/messages-verifyImageUpload-8dc99-visible-in-the-compose-area-chromium/error-context.md

    Retry #1 ───────────────────────────────────────────────────────────────────────────────────────

    [31mTest timeout of 30000ms exceeded while running "beforeEach" hook.[39m

      13 |
      14 | test.describe('Send Attachment in Conversation — TC_11', () => {
    > 15 |   test.beforeEach(async ({ messagesPage }) => {
         |        ^
      16 |     await messagesPage.gotoMessages();
      17 |
      18 |     // Best-effort dismiss of newer onboarding overlays that can intercept clicks
        at /Users/htran/Playwright/practice-nopCommerce/tests/messages/verifyImageUpload.spec.ts:15:8

    Error: locator.click: Test timeout of 30000ms exceeded.
    Call log:
    [2m  - waiting for getByTestId('conversation-item').filter({ hasText: 'Your.Rentals: Booking confirmed' }).first()[22m
    [2m    - locator resolved to <div tabindex="0" role="button" data-conversation-item="true" data-test-id="conversation-item" data-conversation-id="0f4e6a07-063e-4418-a3a5-68a83e73fda8" class="_item_15nmp_1 m_8bffd616 mantine-Flex-root __m__-rj5 __m__-rj6">…</div>[22m
    [2m  - attempting click action[22m
    [2m    2 × waiting for element to be visible, enabled and stable[22m
    [2m      - element is visible, enabled and stable[22m
    [2m      - scrolling into view if needed[22m
    [2m      - done scrolling[22m
    [2m      - <iframe allowfullscreen="" title="Chat Widget" id="hubspot-conversations-iframe" data-test-id="chat-widget-iframe" src="https://app.hubspot.com/conversations-visitor/9184802/threads/utk/8dbcc9267efc4d9bb8d7e793678ddb1b?uuid=1e8527243bed4f5a9391020d0f07144a&mobile=false&mobileSafari=false&hideWelcomeMessage=false&hstc=90014660.35a5e8606d5ddd8e687c114114440e6d.1782726668669.1782726668669.1782726668669.1&domain=goto.your.rentals&inApp53=false&messagesUtk=8dbcc9267efc4d9bb8d7e793678ddb1b&url=https%3A%2F%2…></iframe> from <div role="region" aria-label="Chat Widget" class="widget-align-left" id="hubspot-messages-iframe-container">…</div> subtree intercepts pointer events[22m
    [2m    - retrying click action[22m
    [2m    - waiting 20ms[22m
    [2m    2 × waiting for element to be visible, enabled and stable[22m
    [2m      - element is visible, enabled and stable[22m
    [2m      - scrolling into view if needed[22m
    [2m      - done scrolling[22m
    [2m      - <iframe allowfullscreen="" title="Chat Widget" id="hubspot-conversations-iframe" data-test-id="chat-widget-iframe" src="https://app.hubspot.com/conversations-visitor/9184802/threads/utk/8dbcc9267efc4d9bb8d7e793678ddb1b?uuid=1e8527243bed4f5a9391020d0f07144a&mobile=false&mobileSafari=false&hideWelcomeMessage=false&hstc=90014660.35a5e8606d5ddd8e687c114114440e6d.1782726668669.1782726668669.1782726668669.1&domain=goto.your.rentals&inApp53=false&messagesUtk=8dbcc9267efc4d9bb8d7e793678ddb1b&url=https%3A%2F%2…></iframe> from <div role="region" aria-label="Chat Widget" class="widget-align-left" id="hubspot-messages-iframe-container">…</div> subtree intercepts pointer events[22m
    [2m    - retrying click action[22m
    [2m      - waiting 100ms[22m
    [2m    47 × waiting for element to be visible, enabled and stable[22m
    [2m       - element is visible, enabled and stable[22m
    [2m       - scrolling into view if needed[22m
    [2m       - done scrolling[22m
    [2m       - <iframe allowfullscreen="" title="Chat Widget" id="hubspot-conversations-iframe" data-test-id="chat-widget-iframe" src="https://app.hubspot.com/conversations-visitor/9184802/threads/utk/8dbcc9267efc4d9bb8d7e793678ddb1b?uuid=1e8527243bed4f5a9391020d0f07144a&mobile=false&mobileSafari=false&hideWelcomeMessage=false&hstc=90014660.35a5e8606d5ddd8e687c114114440e6d.1782726668669.1782726668669.1782726668669.1&domain=goto.your.rentals&inApp53=false&messagesUtk=8dbcc9267efc4d9bb8d7e793678ddb1b&url=https%3A%2F%2…></iframe> from <div role="region" aria-label="Chat Widget" class="widget-align-left" id="hubspot-messages-iframe-container">…</div> subtree intercepts pointer events[22m
    [2m     - retrying click action[22m
    [2m       - waiting 500ms[22m


       at ../pages/messagesPage.ts:91

      89 |     const item = this.conversationItem.filter({ hasText: text }).first();
      90 |     await item.scrollIntoViewIfNeeded();
    > 91 |     await item.click();
         |                ^
      92 |   }
      93 |
      94 |   async typeMessage(message: string) {
        at MessagesPage.openConversationByText (/Users/htran/Playwright/practice-nopCommerce/pages/messagesPage.ts:91:16)
        at /Users/htran/Playwright/practice-nopCommerce/tests/messages/verifyImageUpload.spec.ts:27:5

    attachment #1: screenshot (image/png) ──────────────────────────────────────────────────────────
    test-results/messages-verifyImageUpload-8dc99-visible-in-the-compose-area-chromium-retry1/test-failed-1.png
    ────────────────────────────────────────────────────────────────────────────────────────────────

    attachment #2: video (video/webm) ──────────────────────────────────────────────────────────────
    test-results/messages-verifyImageUpload-8dc99-visible-in-the-compose-area-chromium-retry1/video.webm
    ────────────────────────────────────────────────────────────────────────────────────────────────

    Error Context: test-results/messages-verifyImageUpload-8dc99-visible-in-the-compose-area-chromium-retry1/error-context.md

    attachment #4: trace (application/zip) ─────────────────────────────────────────────────────────
    test-results/messages-verifyImageUpload-8dc99-visible-in-the-compose-area-chromium-retry1/trace.zip
    Usage:

        npx playwright show-trace test-results/messages-verifyImageUpload-8dc99-visible-in-the-compose-area-chromium-retry1/trace.zip

    ────────────────────────────────────────────────────────────────────────────────────────────────


[1A[2K[58/99] [chromium] › tests/messages/verifyImageUpload.spec.ts:35:7 › Send Attachment in Conversation — TC_11 › TC_11_002 — Uploading image.jpg enables the Send button
[1A[2K[59/99] [chromium] › tests/messages/verifyImageUpload.spec.ts:35:7 › Send Attachment in Conversation — TC_11 › TC_11_002 — Uploading image.jpg enables the Send button (retry #1)
[1A[2K  26) [chromium] › tests/messages/verifyImageUpload.spec.ts:35:7 › Send Attachment in Conversation — TC_11 › TC_11_002 — Uploading image.jpg enables the Send button 

    [31mTest timeout of 30000ms exceeded while running "beforeEach" hook.[39m

      13 |
      14 | test.describe('Send Attachment in Conversation — TC_11', () => {
    > 15 |   test.beforeEach(async ({ messagesPage }) => {
         |        ^
      16 |     await messagesPage.gotoMessages();
      17 |
      18 |     // Best-effort dismiss of newer onboarding overlays that can intercept clicks
        at /Users/htran/Playwright/practice-nopCommerce/tests/messages/verifyImageUpload.spec.ts:15:8

    Error: locator.click: Test timeout of 30000ms exceeded.
    Call log:
    [2m  - waiting for getByTestId('conversation-item').filter({ hasText: 'Your.Rentals: Booking confirmed' }).first()[22m
    [2m    - locator resolved to <div tabindex="0" role="button" data-conversation-item="true" data-test-id="conversation-item" data-conversation-id="0f4e6a07-063e-4418-a3a5-68a83e73fda8" class="_item_15nmp_1 m_8bffd616 mantine-Flex-root __m__-rj5 __m__-rj6">…</div>[22m
    [2m  - attempting click action[22m
    [2m    2 × waiting for element to be visible, enabled and stable[22m
    [2m      - element is visible, enabled and stable[22m
    [2m      - scrolling into view if needed[22m
    [2m      - done scrolling[22m
    [2m      - <iframe allowfullscreen="" title="Chat Widget" id="hubspot-conversations-iframe" data-test-id="chat-widget-iframe" src="https://app.hubspot.com/conversations-visitor/9184802/threads/utk/8dbcc9267efc4d9bb8d7e793678ddb1b?uuid=af0f2cc0d9454942bf641493dadea9c4&mobile=false&mobileSafari=false&hideWelcomeMessage=false&hstc=90014660.35a5e8606d5ddd8e687c114114440e6d.1782726668669.1782726668669.1782726668669.1&domain=goto.your.rentals&inApp53=false&messagesUtk=8dbcc9267efc4d9bb8d7e793678ddb1b&url=https%3A%2F%2…></iframe> from <div role="region" aria-label="Chat Widget" class="widget-align-left" id="hubspot-messages-iframe-container">…</div> subtree intercepts pointer events[22m
    [2m    - retrying click action[22m
    [2m    - waiting 20ms[22m
    [2m    2 × waiting for element to be visible, enabled and stable[22m
    [2m      - element is visible, enabled and stable[22m
    [2m      - scrolling into view if needed[22m
    [2m      - done scrolling[22m
    [2m      - <iframe allowfullscreen="" title="Chat Widget" id="hubspot-conversations-iframe" data-test-id="chat-widget-iframe" src="https://app.hubspot.com/conversations-visitor/9184802/threads/utk/8dbcc9267efc4d9bb8d7e793678ddb1b?uuid=af0f2cc0d9454942bf641493dadea9c4&mobile=false&mobileSafari=false&hideWelcomeMessage=false&hstc=90014660.35a5e8606d5ddd8e687c114114440e6d.1782726668669.1782726668669.1782726668669.1&domain=goto.your.rentals&inApp53=false&messagesUtk=8dbcc9267efc4d9bb8d7e793678ddb1b&url=https%3A%2F%2…></iframe> from <div role="region" aria-label="Chat Widget" class="widget-align-left" id="hubspot-messages-iframe-container">…</div> subtree intercepts pointer events[22m
    [2m    - retrying click action[22m
    [2m      - waiting 100ms[22m
    [2m    46 × waiting for element to be visible, enabled and stable[22m
    [2m       - element is visible, enabled and stable[22m
    [2m       - scrolling into view if needed[22m
    [2m       - done scrolling[22m
    [2m       - <iframe allowfullscreen="" title="Chat Widget" id="hubspot-conversations-iframe" data-test-id="chat-widget-iframe" src="https://app.hubspot.com/conversations-visitor/9184802/threads/utk/8dbcc9267efc4d9bb8d7e793678ddb1b?uuid=af0f2cc0d9454942bf641493dadea9c4&mobile=false&mobileSafari=false&hideWelcomeMessage=false&hstc=90014660.35a5e8606d5ddd8e687c114114440e6d.1782726668669.1782726668669.1782726668669.1&domain=goto.your.rentals&inApp53=false&messagesUtk=8dbcc9267efc4d9bb8d7e793678ddb1b&url=https%3A%2F%2…></iframe> from <div role="region" aria-label="Chat Widget" class="widget-align-left" id="hubspot-messages-iframe-container">…</div> subtree intercepts pointer events[22m
    [2m     - retrying click action[22m
    [2m       - waiting 500ms[22m


       at ../pages/messagesPage.ts:91

      89 |     const item = this.conversationItem.filter({ hasText: text }).first();
      90 |     await item.scrollIntoViewIfNeeded();
    > 91 |     await item.click();
         |                ^
      92 |   }
      93 |
      94 |   async typeMessage(message: string) {
        at MessagesPage.openConversationByText (/Users/htran/Playwright/practice-nopCommerce/pages/messagesPage.ts:91:16)
        at /Users/htran/Playwright/practice-nopCommerce/tests/messages/verifyImageUpload.spec.ts:27:5

    attachment #1: screenshot (image/png) ──────────────────────────────────────────────────────────
    test-results/messages-verifyImageUpload-54d4f-jpg-enables-the-Send-button-chromium/test-failed-1.png
    ────────────────────────────────────────────────────────────────────────────────────────────────

    attachment #2: video (video/webm) ──────────────────────────────────────────────────────────────
    test-results/messages-verifyImageUpload-54d4f-jpg-enables-the-Send-button-chromium/video.webm
    ────────────────────────────────────────────────────────────────────────────────────────────────

    Error Context: test-results/messages-verifyImageUpload-54d4f-jpg-enables-the-Send-button-chromium/error-context.md


[1A[2K[60/99] [chromium] › tests/messages/verifyImageUpload.spec.ts:43:7 › Send Attachment in Conversation — TC_11 › TC_11_003 — Send an image attachment, compose area resets afterwards
[1A[2K[61/99] [chromium] › tests/messages/verifyImageUpload.spec.ts:43:7 › Send Attachment in Conversation — TC_11 › TC_11_003 — Send an image attachment, compose area resets afterwards (retry #1)
[1A[2K  27) [chromium] › tests/messages/verifyImageUpload.spec.ts:43:7 › Send Attachment in Conversation — TC_11 › TC_11_003 — Send an image attachment, compose area resets afterwards 

    [31mTest timeout of 30000ms exceeded while running "beforeEach" hook.[39m

      13 |
      14 | test.describe('Send Attachment in Conversation — TC_11', () => {
    > 15 |   test.beforeEach(async ({ messagesPage }) => {
         |        ^
      16 |     await messagesPage.gotoMessages();
      17 |
      18 |     // Best-effort dismiss of newer onboarding overlays that can intercept clicks
        at /Users/htran/Playwright/practice-nopCommerce/tests/messages/verifyImageUpload.spec.ts:15:8

    Error: locator.click: Test timeout of 30000ms exceeded.
    Call log:
    [2m  - waiting for getByTestId('conversation-item').filter({ hasText: 'Your.Rentals: Booking confirmed' }).first()[22m
    [2m    - locator resolved to <div tabindex="0" role="button" data-conversation-item="true" data-test-id="conversation-item" data-conversation-id="0f4e6a07-063e-4418-a3a5-68a83e73fda8" class="_item_15nmp_1 m_8bffd616 mantine-Flex-root __m__-rj5 __m__-rj6">…</div>[22m
    [2m  - attempting click action[22m
    [2m    2 × waiting for element to be visible, enabled and stable[22m
    [2m      - element is visible, enabled and stable[22m
    [2m      - scrolling into view if needed[22m
    [2m      - done scrolling[22m
    [2m      - <iframe allowfullscreen="" title="Chat Widget" id="hubspot-conversations-iframe" data-test-id="chat-widget-iframe" src="https://app.hubspot.com/conversations-visitor/9184802/threads/utk/8dbcc9267efc4d9bb8d7e793678ddb1b?uuid=d72b56c6ee7a414aa612bb6a96891d53&mobile=false&mobileSafari=false&hideWelcomeMessage=false&hstc=90014660.35a5e8606d5ddd8e687c114114440e6d.1782726668669.1782726668669.1782726668669.1&domain=goto.your.rentals&inApp53=false&messagesUtk=8dbcc9267efc4d9bb8d7e793678ddb1b&url=https%3A%2F%2…></iframe> from <div role="region" aria-label="Chat Widget" class="widget-align-left" id="hubspot-messages-iframe-container">…</div> subtree intercepts pointer events[22m
    [2m    - retrying click action[22m
    [2m    - waiting 20ms[22m
    [2m    2 × waiting for element to be visible, enabled and stable[22m
    [2m      - element is visible, enabled and stable[22m
    [2m      - scrolling into view if needed[22m
    [2m      - done scrolling[22m
    [2m      - <iframe allowfullscreen="" title="Chat Widget" id="hubspot-conversations-iframe" data-test-id="chat-widget-iframe" src="https://app.hubspot.com/conversations-visitor/9184802/threads/utk/8dbcc9267efc4d9bb8d7e793678ddb1b?uuid=d72b56c6ee7a414aa612bb6a96891d53&mobile=false&mobileSafari=false&hideWelcomeMessage=false&hstc=90014660.35a5e8606d5ddd8e687c114114440e6d.1782726668669.1782726668669.1782726668669.1&domain=goto.your.rentals&inApp53=false&messagesUtk=8dbcc9267efc4d9bb8d7e793678ddb1b&url=https%3A%2F%2…></iframe> from <div role="region" aria-label="Chat Widget" class="widget-align-left" id="hubspot-messages-iframe-container">…</div> subtree intercepts pointer events[22m
    [2m    - retrying click action[22m
    [2m      - waiting 100ms[22m
    [2m    48 × waiting for element to be visible, enabled and stable[22m
    [2m       - element is visible, enabled and stable[22m
    [2m       - scrolling into view if needed[22m
    [2m       - done scrolling[22m
    [2m       - <iframe allowfullscreen="" title="Chat Widget" id="hubspot-conversations-iframe" data-test-id="chat-widget-iframe" src="https://app.hubspot.com/conversations-visitor/9184802/threads/utk/8dbcc9267efc4d9bb8d7e793678ddb1b?uuid=d72b56c6ee7a414aa612bb6a96891d53&mobile=false&mobileSafari=false&hideWelcomeMessage=false&hstc=90014660.35a5e8606d5ddd8e687c114114440e6d.1782726668669.1782726668669.1782726668669.1&domain=goto.your.rentals&inApp53=false&messagesUtk=8dbcc9267efc4d9bb8d7e793678ddb1b&url=https%3A%2F%2…></iframe> from <div role="region" aria-label="Chat Widget" class="widget-align-left" id="hubspot-messages-iframe-container">…</div> subtree intercepts pointer events[22m
    [2m     - retrying click action[22m
    [2m       - waiting 500ms[22m


       at ../pages/messagesPage.ts:91

      89 |     const item = this.conversationItem.filter({ hasText: text }).first();
      90 |     await item.scrollIntoViewIfNeeded();
    > 91 |     await item.click();
         |                ^
      92 |   }
      93 |
      94 |   async typeMessage(message: string) {
        at MessagesPage.openConversationByText (/Users/htran/Playwright/practice-nopCommerce/pages/messagesPage.ts:91:16)
        at /Users/htran/Playwright/practice-nopCommerce/tests/messages/verifyImageUpload.spec.ts:27:5

    attachment #1: screenshot (image/png) ──────────────────────────────────────────────────────────
    test-results/messages-verifyImageUpload-55b03-pose-area-resets-afterwards-chromium/test-failed-1.png
    ────────────────────────────────────────────────────────────────────────────────────────────────

    attachment #2: video (video/webm) ──────────────────────────────────────────────────────────────
    test-results/messages-verifyImageUpload-55b03-pose-area-resets-afterwards-chromium/video.webm
    ────────────────────────────────────────────────────────────────────────────────────────────────

    Error Context: test-results/messages-verifyImageUpload-55b03-pose-area-resets-afterwards-chromium/error-context.md

    Retry #1 ───────────────────────────────────────────────────────────────────────────────────────

    [31mTest timeout of 30000ms exceeded while running "beforeEach" hook.[39m

      13 |
      14 | test.describe('Send Attachment in Conversation — TC_11', () => {
    > 15 |   test.beforeEach(async ({ messagesPage }) => {
         |        ^
      16 |     await messagesPage.gotoMessages();
      17 |
      18 |     // Best-effort dismiss of newer onboarding overlays that can intercept clicks
        at /Users/htran/Playwright/practice-nopCommerce/tests/messages/verifyImageUpload.spec.ts:15:8

    Error: locator.click: Test timeout of 30000ms exceeded.
    Call log:
    [2m  - waiting for getByTestId('conversation-item').filter({ hasText: 'Your.Rentals: Booking confirmed' }).first()[22m
    [2m    - locator resolved to <div tabindex="0" role="button" data-conversation-item="true" data-test-id="conversation-item" data-conversation-id="0f4e6a07-063e-4418-a3a5-68a83e73fda8" class="_item_15nmp_1 m_8bffd616 mantine-Flex-root __m__-rj5 __m__-rj6">…</div>[22m
    [2m  - attempting click action[22m
    [2m    2 × waiting for element to be visible, enabled and stable[22m
    [2m      - element is visible, enabled and stable[22m
    [2m      - scrolling into view if needed[22m
    [2m      - done scrolling[22m
    [2m      - <iframe allowfullscreen="" title="Chat Widget" id="hubspot-conversations-iframe" data-test-id="chat-widget-iframe" src="https://app.hubspot.com/conversations-visitor/9184802/threads/utk/8dbcc9267efc4d9bb8d7e793678ddb1b?uuid=df8ebed7cd774aa5b7ccd016b2c0d749&mobile=false&mobileSafari=false&hideWelcomeMessage=false&hstc=90014660.35a5e8606d5ddd8e687c114114440e6d.1782726668669.1782726668669.1782726668669.1&domain=goto.your.rentals&inApp53=false&messagesUtk=8dbcc9267efc4d9bb8d7e793678ddb1b&url=https%3A%2F%2…></iframe> from <div role="region" aria-label="Chat Widget" class="widget-align-left" id="hubspot-messages-iframe-container">…</div> subtree intercepts pointer events[22m
    [2m    - retrying click action[22m
    [2m    - waiting 20ms[22m
    [2m    2 × waiting for element to be visible, enabled and stable[22m
    [2m      - element is visible, enabled and stable[22m
    [2m      - scrolling into view if needed[22m
    [2m      - done scrolling[22m
    [2m      - <iframe allowfullscreen="" title="Chat Widget" id="hubspot-conversations-iframe" data-test-id="chat-widget-iframe" src="https://app.hubspot.com/conversations-visitor/9184802/threads/utk/8dbcc9267efc4d9bb8d7e793678ddb1b?uuid=df8ebed7cd774aa5b7ccd016b2c0d749&mobile=false&mobileSafari=false&hideWelcomeMessage=false&hstc=90014660.35a5e8606d5ddd8e687c114114440e6d.1782726668669.1782726668669.1782726668669.1&domain=goto.your.rentals&inApp53=false&messagesUtk=8dbcc9267efc4d9bb8d7e793678ddb1b&url=https%3A%2F%2…></iframe> from <div role="region" aria-label="Chat Widget" class="widget-align-left" id="hubspot-messages-iframe-container">…</div> subtree intercepts pointer events[22m
    [2m    - retrying click action[22m
    [2m      - waiting 100ms[22m
    [2m    47 × waiting for element to be visible, enabled and stable[22m
    [2m       - element is visible, enabled and stable[22m
    [2m       - scrolling into view if needed[22m
    [2m       - done scrolling[22m
    [2m       - <iframe allowfullscreen="" title="Chat Widget" id="hubspot-conversations-iframe" data-test-id="chat-widget-iframe" src="https://app.hubspot.com/conversations-visitor/9184802/threads/utk/8dbcc9267efc4d9bb8d7e793678ddb1b?uuid=df8ebed7cd774aa5b7ccd016b2c0d749&mobile=false&mobileSafari=false&hideWelcomeMessage=false&hstc=90014660.35a5e8606d5ddd8e687c114114440e6d.1782726668669.1782726668669.1782726668669.1&domain=goto.your.rentals&inApp53=false&messagesUtk=8dbcc9267efc4d9bb8d7e793678ddb1b&url=https%3A%2F%2…></iframe> from <div role="region" aria-label="Chat Widget" class="widget-align-left" id="hubspot-messages-iframe-container">…</div> subtree intercepts pointer events[22m
    [2m     - retrying click action[22m
    [2m       - waiting 500ms[22m


       at ../pages/messagesPage.ts:91

      89 |     const item = this.conversationItem.filter({ hasText: text }).first();
      90 |     await item.scrollIntoViewIfNeeded();
    > 91 |     await item.click();
         |                ^
      92 |   }
      93 |
      94 |   async typeMessage(message: string) {
        at MessagesPage.openConversationByText (/Users/htran/Playwright/practice-nopCommerce/pages/messagesPage.ts:91:16)
        at /Users/htran/Playwright/practice-nopCommerce/tests/messages/verifyImageUpload.spec.ts:27:5

    attachment #1: screenshot (image/png) ──────────────────────────────────────────────────────────
    test-results/messages-verifyImageUpload-55b03-pose-area-resets-afterwards-chromium-retry1/test-failed-1.png
    ────────────────────────────────────────────────────────────────────────────────────────────────

    attachment #2: video (video/webm) ──────────────────────────────────────────────────────────────
    test-results/messages-verifyImageUpload-55b03-pose-area-resets-afterwards-chromium-retry1/video.webm
    ────────────────────────────────────────────────────────────────────────────────────────────────

    Error Context: test-results/messages-verifyImageUpload-55b03-pose-area-resets-afterwards-chromium-retry1/error-context.md

    attachment #4: trace (application/zip) ─────────────────────────────────────────────────────────
    test-results/messages-verifyImageUpload-55b03-pose-area-resets-afterwards-chromium-retry1/trace.zip
    Usage:

        npx playwright show-trace test-results/messages-verifyImageUpload-55b03-pose-area-resets-afterwards-chromium-retry1/trace.zip

    ────────────────────────────────────────────────────────────────────────────────────────────────


[1A[2K[62/99] [chromium] › tests/messages/verifyImageUpload.spec.ts:51:7 › Send Attachment in Conversation — TC_11 › TC_11_004 — Send an image together with a text caption
[1A[2K[63/99] [chromium] › tests/messages/verifyImageUpload.spec.ts:51:7 › Send Attachment in Conversation — TC_11 › TC_11_004 — Send an image together with a text caption (retry #1)
[1A[2K  28) [chromium] › tests/messages/verifyImageUpload.spec.ts:51:7 › Send Attachment in Conversation — TC_11 › TC_11_004 — Send an image together with a text caption 

    [31mTest timeout of 30000ms exceeded while running "beforeEach" hook.[39m

      13 |
      14 | test.describe('Send Attachment in Conversation — TC_11', () => {
    > 15 |   test.beforeEach(async ({ messagesPage }) => {
         |        ^
      16 |     await messagesPage.gotoMessages();
      17 |
      18 |     // Best-effort dismiss of newer onboarding overlays that can intercept clicks
        at /Users/htran/Playwright/practice-nopCommerce/tests/messages/verifyImageUpload.spec.ts:15:8

    Error: locator.click: Test timeout of 30000ms exceeded.
    Call log:
    [2m  - waiting for getByTestId('conversation-item').filter({ hasText: 'Your.Rentals: Booking confirmed' }).first()[22m
    [2m    - locator resolved to <div tabindex="0" role="button" data-conversation-item="true" data-test-id="conversation-item" data-conversation-id="0f4e6a07-063e-4418-a3a5-68a83e73fda8" class="_item_15nmp_1 m_8bffd616 mantine-Flex-root __m__-rj5 __m__-rj6">…</div>[22m
    [2m  - attempting click action[22m
    [2m    2 × waiting for element to be visible, enabled and stable[22m
    [2m      - element is visible, enabled and stable[22m
    [2m      - scrolling into view if needed[22m
    [2m      - done scrolling[22m
    [2m      - <iframe allowfullscreen="" title="Chat Widget" id="hubspot-conversations-iframe" data-test-id="chat-widget-iframe" src="https://app.hubspot.com/conversations-visitor/9184802/threads/utk/8dbcc9267efc4d9bb8d7e793678ddb1b?uuid=54de46d13bd94c92be46ccb0dcb48731&mobile=false&mobileSafari=false&hideWelcomeMessage=false&hstc=90014660.35a5e8606d5ddd8e687c114114440e6d.1782726668669.1782726668669.1782726668669.1&domain=goto.your.rentals&inApp53=false&messagesUtk=8dbcc9267efc4d9bb8d7e793678ddb1b&url=https%3A%2F%2…></iframe> from <div role="region" aria-label="Chat Widget" class="widget-align-left" id="hubspot-messages-iframe-container">…</div> subtree intercepts pointer events[22m
    [2m    - retrying click action[22m
    [2m    - waiting 20ms[22m
    [2m    2 × waiting for element to be visible, enabled and stable[22m
    [2m      - element is visible, enabled and stable[22m
    [2m      - scrolling into view if needed[22m
    [2m      - done scrolling[22m
    [2m      - <iframe allowfullscreen="" title="Chat Widget" id="hubspot-conversations-iframe" data-test-id="chat-widget-iframe" src="https://app.hubspot.com/conversations-visitor/9184802/threads/utk/8dbcc9267efc4d9bb8d7e793678ddb1b?uuid=54de46d13bd94c92be46ccb0dcb48731&mobile=false&mobileSafari=false&hideWelcomeMessage=false&hstc=90014660.35a5e8606d5ddd8e687c114114440e6d.1782726668669.1782726668669.1782726668669.1&domain=goto.your.rentals&inApp53=false&messagesUtk=8dbcc9267efc4d9bb8d7e793678ddb1b&url=https%3A%2F%2…></iframe> from <div role="region" aria-label="Chat Widget" class="widget-align-left" id="hubspot-messages-iframe-container">…</div> subtree intercepts pointer events[22m
    [2m    - retrying click action[22m
    [2m      - waiting 100ms[22m
    [2m    47 × waiting for element to be visible, enabled and stable[22m
    [2m       - element is visible, enabled and stable[22m
    [2m       - scrolling into view if needed[22m
    [2m       - done scrolling[22m
    [2m       - <iframe allowfullscreen="" title="Chat Widget" id="hubspot-conversations-iframe" data-test-id="chat-widget-iframe" src="https://app.hubspot.com/conversations-visitor/9184802/threads/utk/8dbcc9267efc4d9bb8d7e793678ddb1b?uuid=54de46d13bd94c92be46ccb0dcb48731&mobile=false&mobileSafari=false&hideWelcomeMessage=false&hstc=90014660.35a5e8606d5ddd8e687c114114440e6d.1782726668669.1782726668669.1782726668669.1&domain=goto.your.rentals&inApp53=false&messagesUtk=8dbcc9267efc4d9bb8d7e793678ddb1b&url=https%3A%2F%2…></iframe> from <div role="region" aria-label="Chat Widget" class="widget-align-left" id="hubspot-messages-iframe-container">…</div> subtree intercepts pointer events[22m
    [2m     - retrying click action[22m
    [2m       - waiting 500ms[22m


       at ../pages/messagesPage.ts:91

      89 |     const item = this.conversationItem.filter({ hasText: text }).first();
      90 |     await item.scrollIntoViewIfNeeded();
    > 91 |     await item.click();
         |                ^
      92 |   }
      93 |
      94 |   async typeMessage(message: string) {
        at MessagesPage.openConversationByText (/Users/htran/Playwright/practice-nopCommerce/pages/messagesPage.ts:91:16)
        at /Users/htran/Playwright/practice-nopCommerce/tests/messages/verifyImageUpload.spec.ts:27:5

    attachment #1: screenshot (image/png) ──────────────────────────────────────────────────────────
    test-results/messages-verifyImageUpload-1033b-ogether-with-a-text-caption-chromium/test-failed-1.png
    ────────────────────────────────────────────────────────────────────────────────────────────────

    attachment #2: video (video/webm) ──────────────────────────────────────────────────────────────
    test-results/messages-verifyImageUpload-1033b-ogether-with-a-text-caption-chromium/video.webm
    ────────────────────────────────────────────────────────────────────────────────────────────────

    Error Context: test-results/messages-verifyImageUpload-1033b-ogether-with-a-text-caption-chromium/error-context.md

    Retry #1 ───────────────────────────────────────────────────────────────────────────────────────

    [31mTest timeout of 30000ms exceeded while running "beforeEach" hook.[39m

      13 |
      14 | test.describe('Send Attachment in Conversation — TC_11', () => {
    > 15 |   test.beforeEach(async ({ messagesPage }) => {
         |        ^
      16 |     await messagesPage.gotoMessages();
      17 |
      18 |     // Best-effort dismiss of newer onboarding overlays that can intercept clicks
        at /Users/htran/Playwright/practice-nopCommerce/tests/messages/verifyImageUpload.spec.ts:15:8

    Error: locator.click: Test timeout of 30000ms exceeded.
    Call log:
    [2m  - waiting for getByTestId('conversation-item').filter({ hasText: 'Your.Rentals: Booking confirmed' }).first()[22m
    [2m    - locator resolved to <div tabindex="0" role="button" data-conversation-item="true" data-test-id="conversation-item" data-conversation-id="0f4e6a07-063e-4418-a3a5-68a83e73fda8" class="_item_15nmp_1 m_8bffd616 mantine-Flex-root __m__-rj5 __m__-rj6">…</div>[22m
    [2m  - attempting click action[22m
    [2m    2 × waiting for element to be visible, enabled and stable[22m
    [2m      - element is visible, enabled and stable[22m
    [2m      - scrolling into view if needed[22m
    [2m      - done scrolling[22m
    [2m      - <iframe allowfullscreen="" title="Chat Widget" id="hubspot-conversations-iframe" data-test-id="chat-widget-iframe" src="https://app.hubspot.com/conversations-visitor/9184802/threads/utk/8dbcc9267efc4d9bb8d7e793678ddb1b?uuid=94cce91c68894b1db5ca1b0259ec6ef2&mobile=false&mobileSafari=false&hideWelcomeMessage=false&hstc=90014660.35a5e8606d5ddd8e687c114114440e6d.1782726668669.1782726668669.1782726668669.1&domain=goto.your.rentals&inApp53=false&messagesUtk=8dbcc9267efc4d9bb8d7e793678ddb1b&url=https%3A%2F%2…></iframe> from <div role="region" aria-label="Chat Widget" class="widget-align-left" id="hubspot-messages-iframe-container">…</div> subtree intercepts pointer events[22m
    [2m    - retrying click action[22m
    [2m    - waiting 20ms[22m
    [2m    2 × waiting for element to be visible, enabled and stable[22m
    [2m      - element is visible, enabled and stable[22m
    [2m      - scrolling into view if needed[22m
    [2m      - done scrolling[22m
    [2m      - <iframe allowfullscreen="" title="Chat Widget" id="hubspot-conversations-iframe" data-test-id="chat-widget-iframe" src="https://app.hubspot.com/conversations-visitor/9184802/threads/utk/8dbcc9267efc4d9bb8d7e793678ddb1b?uuid=94cce91c68894b1db5ca1b0259ec6ef2&mobile=false&mobileSafari=false&hideWelcomeMessage=false&hstc=90014660.35a5e8606d5ddd8e687c114114440e6d.1782726668669.1782726668669.1782726668669.1&domain=goto.your.rentals&inApp53=false&messagesUtk=8dbcc9267efc4d9bb8d7e793678ddb1b&url=https%3A%2F%2…></iframe> from <div role="region" aria-label="Chat Widget" class="widget-align-left" id="hubspot-messages-iframe-container">…</div> subtree intercepts pointer events[22m
    [2m    - retrying click action[22m
    [2m      - waiting 100ms[22m
    [2m    48 × waiting for element to be visible, enabled and stable[22m
    [2m       - element is visible, enabled and stable[22m
    [2m       - scrolling into view if needed[22m
    [2m       - done scrolling[22m
    [2m       - <iframe allowfullscreen="" title="Chat Widget" id="hubspot-conversations-iframe" data-test-id="chat-widget-iframe" src="https://app.hubspot.com/conversations-visitor/9184802/threads/utk/8dbcc9267efc4d9bb8d7e793678ddb1b?uuid=94cce91c68894b1db5ca1b0259ec6ef2&mobile=false&mobileSafari=false&hideWelcomeMessage=false&hstc=90014660.35a5e8606d5ddd8e687c114114440e6d.1782726668669.1782726668669.1782726668669.1&domain=goto.your.rentals&inApp53=false&messagesUtk=8dbcc9267efc4d9bb8d7e793678ddb1b&url=https%3A%2F%2…></iframe> from <div role="region" aria-label="Chat Widget" class="widget-align-left" id="hubspot-messages-iframe-container">…</div> subtree intercepts pointer events[22m
    [2m     - retrying click action[22m
    [2m       - waiting 500ms[22m


       at ../pages/messagesPage.ts:91

      89 |     const item = this.conversationItem.filter({ hasText: text }).first();
      90 |     await item.scrollIntoViewIfNeeded();
    > 91 |     await item.click();
         |                ^
      92 |   }
      93 |
      94 |   async typeMessage(message: string) {
        at MessagesPage.openConversationByText (/Users/htran/Playwright/practice-nopCommerce/pages/messagesPage.ts:91:16)
        at /Users/htran/Playwright/practice-nopCommerce/tests/messages/verifyImageUpload.spec.ts:27:5

    attachment #1: screenshot (image/png) ──────────────────────────────────────────────────────────
    test-results/messages-verifyImageUpload-1033b-ogether-with-a-text-caption-chromium-retry1/test-failed-1.png
    ────────────────────────────────────────────────────────────────────────────────────────────────

    attachment #2: video (video/webm) ──────────────────────────────────────────────────────────────
    test-results/messages-verifyImageUpload-1033b-ogether-with-a-text-caption-chromium-retry1/video.webm
    ────────────────────────────────────────────────────────────────────────────────────────────────

    Error Context: test-results/messages-verifyImageUpload-1033b-ogether-with-a-text-caption-chromium-retry1/error-context.md

    attachment #4: trace (application/zip) ─────────────────────────────────────────────────────────
    test-results/messages-verifyImageUpload-1033b-ogether-with-a-text-caption-chromium-retry1/trace.zip
    Usage:

        npx playwright show-trace test-results/messages-verifyImageUpload-1033b-ogether-with-a-text-caption-chromium-retry1/trace.zip

    ────────────────────────────────────────────────────────────────────────────────────────────────


[1A[2K[64/99] [chromium] › tests/messages/verifyInboxBehavior.spec.ts:9:7 › Inbox Behavior — TC_01 & TC_06 & TC_07 › TC_01_005 — Inbox shows conversations with at least one booking status
[1A[2K[65/99] [chromium] › tests/messages/verifyInboxBehavior.spec.ts:15:7 › Inbox Behavior — TC_01 & TC_06 & TC_07 › TC_01_004 — Each conversation item shows timestamp
[1A[2K[66/99] [chromium] › tests/messages/verifyInboxBehavior.spec.ts:21:7 › Inbox Behavior — TC_01 & TC_06 & TC_07 › TC_06 host-side — Inbox may contain conversations with Inquiry status
[1A[2K[67/99] [chromium] › tests/messages/verifyInboxBehavior.spec.ts:29:7 › Inbox Behavior — TC_01 & TC_06 & TC_07 › TC_07 host-side — Inbox may contain conversations with Booking request status
[1A[2K[68/99] [chromium] › tests/messages/verifyInboxBehavior.spec.ts:37:7 › Inbox Behavior — TC_01 & TC_06 & TC_07 › TC_02_006 — Combined filter: Unread + Filters panel can be applied together
[1A[2K[69/99] [chromium] › tests/messages/verifyInboxBehavior.spec.ts:44:7 › Inbox Behavior — TC_01 & TC_06 & TC_07 › TC_02_003 — Filter by Request/Inquiries checkbox is interactive
[1A[2K[70/99] [chromium] › tests/messages/verifyInboxBehavior.spec.ts:54:7 › Unauthenticated Access — TC_01_006 › TC_01_006 — [SKIP] Unauthenticated redirect cannot be tested in shared browser context
[1A[2K[71/99] [chromium] › tests/messages/verifyMessageContent.spec.ts:10:7 › Message Content & Reliability — TC_10 › TC_10_001 — Compose area accepts multiline content via Shift+Enter
[1A[2K[72/99] [chromium] › tests/messages/verifyMessageContent.spec.ts:10:7 › Message Content & Reliability — TC_10 › TC_10_001 — Compose area accepts multiline content via Shift+Enter (retry #1)
[1A[2K  29) [chromium] › tests/messages/verifyMessageContent.spec.ts:10:7 › Message Content & Reliability — TC_10 › TC_10_001 — Compose area accepts multiline content via Shift+Enter 

    [31mTest timeout of 30000ms exceeded while running "beforeEach" hook.[39m

      3 |
      4 | test.describe('Message Content & Reliability — TC_10', () => {
    > 5 |   test.beforeEach(async ({ messagesPage }) => {
        |        ^
      6 |     await messagesPage.gotoMessages();
      7 |     await messagesPage.clickFirstConversation();
      8 |   });
        at /Users/htran/Playwright/practice-nopCommerce/tests/messages/verifyMessageContent.spec.ts:5:8

    Error: locator.click: Test timeout of 30000ms exceeded.
    Call log:
    [2m  - waiting for getByTestId('conversation-item').first()[22m
    [2m    - locator resolved to <div tabindex="0" role="button" data-selected="true" data-conversation-item="true" data-test-id="conversation-item" data-conversation-id="ac8f9b8f-306e-4393-a86c-239f2ca42e31" class="_item_15nmp_1 m_8bffd616 mantine-Flex-root __m__-r8r __m__-r8s">…</div>[22m
    [2m  - attempting click action[22m
    [2m    2 × waiting for element to be visible, enabled and stable[22m
    [2m      - element is visible, enabled and stable[22m
    [2m      - scrolling into view if needed[22m
    [2m      - done scrolling[22m
    [2m      - <iframe allowfullscreen="" title="Chat Widget" id="hubspot-conversations-iframe" data-test-id="chat-widget-iframe" src="https://app.hubspot.com/conversations-visitor/9184802/threads/utk/8dbcc9267efc4d9bb8d7e793678ddb1b?uuid=b1add2795a8f4c78a4ddffed60e9400f&mobile=false&mobileSafari=false&hideWelcomeMessage=false&hstc=90014660.35a5e8606d5ddd8e687c114114440e6d.1782726668669.1782726668669.1782726668669.1&domain=goto.your.rentals&inApp53=false&messagesUtk=8dbcc9267efc4d9bb8d7e793678ddb1b&url=https%3A%2F%2…></iframe> from <div role="region" aria-label="Chat Widget" class="widget-align-left" id="hubspot-messages-iframe-container">…</div> subtree intercepts pointer events[22m
    [2m    - retrying click action[22m
    [2m    - waiting 20ms[22m
    [2m    2 × waiting for element to be visible, enabled and stable[22m
    [2m      - element is visible, enabled and stable[22m
    [2m      - scrolling into view if needed[22m
    [2m      - done scrolling[22m
    [2m      - <iframe allowfullscreen="" title="Chat Widget" id="hubspot-conversations-iframe" data-test-id="chat-widget-iframe" src="https://app.hubspot.com/conversations-visitor/9184802/threads/utk/8dbcc9267efc4d9bb8d7e793678ddb1b?uuid=b1add2795a8f4c78a4ddffed60e9400f&mobile=false&mobileSafari=false&hideWelcomeMessage=false&hstc=90014660.35a5e8606d5ddd8e687c114114440e6d.1782726668669.1782726668669.1782726668669.1&domain=goto.your.rentals&inApp53=false&messagesUtk=8dbcc9267efc4d9bb8d7e793678ddb1b&url=https%3A%2F%2…></iframe> from <div role="region" aria-label="Chat Widget" class="widget-align-left" id="hubspot-messages-iframe-container">…</div> subtree intercepts pointer events[22m
    [2m    - retrying click action[22m
    [2m      - waiting 100ms[22m
    [2m    49 × waiting for element to be visible, enabled and stable[22m
    [2m       - element is visible, enabled and stable[22m
    [2m       - scrolling into view if needed[22m
    [2m       - done scrolling[22m
    [2m       - <iframe allowfullscreen="" title="Chat Widget" id="hubspot-conversations-iframe" data-test-id="chat-widget-iframe" src="https://app.hubspot.com/conversations-visitor/9184802/threads/utk/8dbcc9267efc4d9bb8d7e793678ddb1b?uuid=b1add2795a8f4c78a4ddffed60e9400f&mobile=false&mobileSafari=false&hideWelcomeMessage=false&hstc=90014660.35a5e8606d5ddd8e687c114114440e6d.1782726668669.1782726668669.1782726668669.1&domain=goto.your.rentals&inApp53=false&messagesUtk=8dbcc9267efc4d9bb8d7e793678ddb1b&url=https%3A%2F%2…></iframe> from <div role="region" aria-label="Chat Widget" class="widget-align-left" id="hubspot-messages-iframe-container">…</div> subtree intercepts pointer events[22m
    [2m     - retrying click action[22m
    [2m       - waiting 500ms[22m


       at ../pages/messagesPage.ts:76

      74 |
      75 |   async clickFirstConversation() {
    > 76 |     await this.conversationItem.first().click();
         |                                         ^
      77 |   }
      78 |
      79 |   async clickConversationWithStatus(status: string) {
        at MessagesPage.clickFirstConversation (/Users/htran/Playwright/practice-nopCommerce/pages/messagesPage.ts:76:41)
        at /Users/htran/Playwright/practice-nopCommerce/tests/messages/verifyMessageContent.spec.ts:7:24

    attachment #1: screenshot (image/png) ──────────────────────────────────────────────────────────
    test-results/messages-verifyMessageCont-bcac5-ine-content-via-Shift-Enter-chromium/test-failed-1.png
    ────────────────────────────────────────────────────────────────────────────────────────────────

    attachment #2: video (video/webm) ──────────────────────────────────────────────────────────────
    test-results/messages-verifyMessageCont-bcac5-ine-content-via-Shift-Enter-chromium/video.webm
    ────────────────────────────────────────────────────────────────────────────────────────────────

    Error Context: test-results/messages-verifyMessageCont-bcac5-ine-content-via-Shift-Enter-chromium/error-context.md

    Retry #1 ───────────────────────────────────────────────────────────────────────────────────────

    [31mTest timeout of 30000ms exceeded while running "beforeEach" hook.[39m

      3 |
      4 | test.describe('Message Content & Reliability — TC_10', () => {
    > 5 |   test.beforeEach(async ({ messagesPage }) => {
        |        ^
      6 |     await messagesPage.gotoMessages();
      7 |     await messagesPage.clickFirstConversation();
      8 |   });
        at /Users/htran/Playwright/practice-nopCommerce/tests/messages/verifyMessageContent.spec.ts:5:8

    Error: locator.click: Test timeout of 30000ms exceeded.
    Call log:
    [2m  - waiting for getByTestId('conversation-item').first()[22m
    [2m    - locator resolved to <div tabindex="0" role="button" data-conversation-item="true" data-test-id="conversation-item" data-conversation-id="ac8f9b8f-306e-4393-a86c-239f2ca42e31" class="_item_15nmp_1 m_8bffd616 mantine-Flex-root __m__-r8r __m__-r8s">…</div>[22m
    [2m  - attempting click action[22m
    [2m    2 × waiting for element to be visible, enabled and stable[22m
    [2m      - element is visible, enabled and stable[22m
    [2m      - scrolling into view if needed[22m
    [2m      - done scrolling[22m
    [2m      - <iframe allowfullscreen="" title="Chat Widget" id="hubspot-conversations-iframe" data-test-id="chat-widget-iframe" src="https://app.hubspot.com/conversations-visitor/9184802/threads/utk/8dbcc9267efc4d9bb8d7e793678ddb1b?uuid=40be7ac8a07c459392a8d8da7dddaaba&mobile=false&mobileSafari=false&hideWelcomeMessage=false&hstc=90014660.35a5e8606d5ddd8e687c114114440e6d.1782726668669.1782726668669.1782726668669.1&domain=goto.your.rentals&inApp53=false&messagesUtk=8dbcc9267efc4d9bb8d7e793678ddb1b&url=https%3A%2F%2…></iframe> from <div role="region" aria-label="Chat Widget" class="widget-align-left" id="hubspot-messages-iframe-container">…</div> subtree intercepts pointer events[22m
    [2m    - retrying click action[22m
    [2m    - waiting 20ms[22m
    [2m    2 × waiting for element to be visible, enabled and stable[22m
    [2m      - element is visible, enabled and stable[22m
    [2m      - scrolling into view if needed[22m
    [2m      - done scrolling[22m
    [2m      - <iframe allowfullscreen="" title="Chat Widget" id="hubspot-conversations-iframe" data-test-id="chat-widget-iframe" src="https://app.hubspot.com/conversations-visitor/9184802/threads/utk/8dbcc9267efc4d9bb8d7e793678ddb1b?uuid=40be7ac8a07c459392a8d8da7dddaaba&mobile=false&mobileSafari=false&hideWelcomeMessage=false&hstc=90014660.35a5e8606d5ddd8e687c114114440e6d.1782726668669.1782726668669.1782726668669.1&domain=goto.your.rentals&inApp53=false&messagesUtk=8dbcc9267efc4d9bb8d7e793678ddb1b&url=https%3A%2F%2…></iframe> from <div role="region" aria-label="Chat Widget" class="widget-align-left" id="hubspot-messages-iframe-container">…</div> subtree intercepts pointer events[22m
    [2m    - retrying click action[22m
    [2m      - waiting 100ms[22m
    [2m    48 × waiting for element to be visible, enabled and stable[22m
    [2m       - element is visible, enabled and stable[22m
    [2m       - scrolling into view if needed[22m
    [2m       - done scrolling[22m
    [2m       - <iframe allowfullscreen="" title="Chat Widget" id="hubspot-conversations-iframe" data-test-id="chat-widget-iframe" src="https://app.hubspot.com/conversations-visitor/9184802/threads/utk/8dbcc9267efc4d9bb8d7e793678ddb1b?uuid=40be7ac8a07c459392a8d8da7dddaaba&mobile=false&mobileSafari=false&hideWelcomeMessage=false&hstc=90014660.35a5e8606d5ddd8e687c114114440e6d.1782726668669.1782726668669.1782726668669.1&domain=goto.your.rentals&inApp53=false&messagesUtk=8dbcc9267efc4d9bb8d7e793678ddb1b&url=https%3A%2F%2…></iframe> from <div role="region" aria-label="Chat Widget" class="widget-align-left" id="hubspot-messages-iframe-container">…</div> subtree intercepts pointer events[22m
    [2m     - retrying click action[22m
    [2m       - waiting 500ms[22m


       at ../pages/messagesPage.ts:76

      74 |
      75 |   async clickFirstConversation() {
    > 76 |     await this.conversationItem.first().click();
         |                                         ^
      77 |   }
      78 |
      79 |   async clickConversationWithStatus(status: string) {
        at MessagesPage.clickFirstConversation (/Users/htran/Playwright/practice-nopCommerce/pages/messagesPage.ts:76:41)
        at /Users/htran/Playwright/practice-nopCommerce/tests/messages/verifyMessageContent.spec.ts:7:24

    attachment #1: screenshot (image/png) ──────────────────────────────────────────────────────────
    test-results/messages-verifyMessageCont-bcac5-ine-content-via-Shift-Enter-chromium-retry1/test-failed-1.png
    ────────────────────────────────────────────────────────────────────────────────────────────────

    attachment #2: video (video/webm) ──────────────────────────────────────────────────────────────
    test-results/messages-verifyMessageCont-bcac5-ine-content-via-Shift-Enter-chromium-retry1/video.webm
    ────────────────────────────────────────────────────────────────────────────────────────────────

    Error Context: test-results/messages-verifyMessageCont-bcac5-ine-content-via-Shift-Enter-chromium-retry1/error-context.md

    attachment #4: trace (application/zip) ─────────────────────────────────────────────────────────
    test-results/messages-verifyMessageCont-bcac5-ine-content-via-Shift-Enter-chromium-retry1/trace.zip
    Usage:

        npx playwright show-trace test-results/messages-verifyMessageCont-bcac5-ine-content-via-Shift-Enter-chromium-retry1/trace.zip

    ────────────────────────────────────────────────────────────────────────────────────────────────


[1A[2K[73/99] [chromium] › tests/messages/verifyMessageContent.spec.ts:21:7 › Message Content & Reliability — TC_10 › TC_10_002 — Compose area accepts emoji characters
[1A[2K[74/99] [chromium] › tests/messages/verifyMessageContent.spec.ts:21:7 › Message Content & Reliability — TC_10 › TC_10_002 — Compose area accepts emoji characters (retry #1)
[1A[2K  30) [chromium] › tests/messages/verifyMessageContent.spec.ts:21:7 › Message Content & Reliability — TC_10 › TC_10_002 — Compose area accepts emoji characters 

    [31mTest timeout of 30000ms exceeded while running "beforeEach" hook.[39m

      3 |
      4 | test.describe('Message Content & Reliability — TC_10', () => {
    > 5 |   test.beforeEach(async ({ messagesPage }) => {
        |        ^
      6 |     await messagesPage.gotoMessages();
      7 |     await messagesPage.clickFirstConversation();
      8 |   });
        at /Users/htran/Playwright/practice-nopCommerce/tests/messages/verifyMessageContent.spec.ts:5:8

    Error: locator.click: Test timeout of 30000ms exceeded.
    Call log:
    [2m  - waiting for getByTestId('conversation-item').first()[22m
    [2m    - locator resolved to <div tabindex="0" role="button" data-conversation-item="true" data-test-id="conversation-item" data-conversation-id="ac8f9b8f-306e-4393-a86c-239f2ca42e31" class="_item_15nmp_1 m_8bffd616 mantine-Flex-root __m__-r8r __m__-r8s">…</div>[22m
    [2m  - attempting click action[22m
    [2m    2 × waiting for element to be visible, enabled and stable[22m
    [2m      - element is visible, enabled and stable[22m
    [2m      - scrolling into view if needed[22m
    [2m      - done scrolling[22m
    [2m      - <iframe allowfullscreen="" title="Chat Widget" id="hubspot-conversations-iframe" data-test-id="chat-widget-iframe" src="https://app.hubspot.com/conversations-visitor/9184802/threads/utk/8dbcc9267efc4d9bb8d7e793678ddb1b?uuid=788e923bcd2a4e9fb6487ba46ed03de0&mobile=false&mobileSafari=false&hideWelcomeMessage=false&hstc=90014660.35a5e8606d5ddd8e687c114114440e6d.1782726668669.1782726668669.1782726668669.1&domain=goto.your.rentals&inApp53=false&messagesUtk=8dbcc9267efc4d9bb8d7e793678ddb1b&url=https%3A%2F%2…></iframe> from <div role="region" aria-label="Chat Widget" class="widget-align-left" id="hubspot-messages-iframe-container">…</div> subtree intercepts pointer events[22m
    [2m    - retrying click action[22m
    [2m    - waiting 20ms[22m
    [2m    2 × waiting for element to be visible, enabled and stable[22m
    [2m      - element is visible, enabled and stable[22m
    [2m      - scrolling into view if needed[22m
    [2m      - done scrolling[22m
    [2m      - <iframe allowfullscreen="" title="Chat Widget" id="hubspot-conversations-iframe" data-test-id="chat-widget-iframe" src="https://app.hubspot.com/conversations-visitor/9184802/threads/utk/8dbcc9267efc4d9bb8d7e793678ddb1b?uuid=788e923bcd2a4e9fb6487ba46ed03de0&mobile=false&mobileSafari=false&hideWelcomeMessage=false&hstc=90014660.35a5e8606d5ddd8e687c114114440e6d.1782726668669.1782726668669.1782726668669.1&domain=goto.your.rentals&inApp53=false&messagesUtk=8dbcc9267efc4d9bb8d7e793678ddb1b&url=https%3A%2F%2…></iframe> from <div role="region" aria-label="Chat Widget" class="widget-align-left" id="hubspot-messages-iframe-container">…</div> subtree intercepts pointer events[22m
    [2m    - retrying click action[22m
    [2m      - waiting 100ms[22m
    [2m    48 × waiting for element to be visible, enabled and stable[22m
    [2m       - element is visible, enabled and stable[22m
    [2m       - scrolling into view if needed[22m
    [2m       - done scrolling[22m
    [2m       - <iframe allowfullscreen="" title="Chat Widget" id="hubspot-conversations-iframe" data-test-id="chat-widget-iframe" src="https://app.hubspot.com/conversations-visitor/9184802/threads/utk/8dbcc9267efc4d9bb8d7e793678ddb1b?uuid=788e923bcd2a4e9fb6487ba46ed03de0&mobile=false&mobileSafari=false&hideWelcomeMessage=false&hstc=90014660.35a5e8606d5ddd8e687c114114440e6d.1782726668669.1782726668669.1782726668669.1&domain=goto.your.rentals&inApp53=false&messagesUtk=8dbcc9267efc4d9bb8d7e793678ddb1b&url=https%3A%2F%2…></iframe> from <div role="region" aria-label="Chat Widget" class="widget-align-left" id="hubspot-messages-iframe-container">…</div> subtree intercepts pointer events[22m
    [2m     - retrying click action[22m
    [2m       - waiting 500ms[22m


       at ../pages/messagesPage.ts:76

      74 |
      75 |   async clickFirstConversation() {
    > 76 |     await this.conversationItem.first().click();
         |                                         ^
      77 |   }
      78 |
      79 |   async clickConversationWithStatus(status: string) {
        at MessagesPage.clickFirstConversation (/Users/htran/Playwright/practice-nopCommerce/pages/messagesPage.ts:76:41)
        at /Users/htran/Playwright/practice-nopCommerce/tests/messages/verifyMessageContent.spec.ts:7:24

    attachment #1: screenshot (image/png) ──────────────────────────────────────────────────────────
    test-results/messages-verifyMessageCont-92e3f-ea-accepts-emoji-characters-chromium/test-failed-1.png
    ────────────────────────────────────────────────────────────────────────────────────────────────

    attachment #2: video (video/webm) ──────────────────────────────────────────────────────────────
    test-results/messages-verifyMessageCont-92e3f-ea-accepts-emoji-characters-chromium/video.webm
    ────────────────────────────────────────────────────────────────────────────────────────────────

    Error Context: test-results/messages-verifyMessageCont-92e3f-ea-accepts-emoji-characters-chromium/error-context.md

    Retry #1 ───────────────────────────────────────────────────────────────────────────────────────

    [31mTest timeout of 30000ms exceeded while running "beforeEach" hook.[39m

      3 |
      4 | test.describe('Message Content & Reliability — TC_10', () => {
    > 5 |   test.beforeEach(async ({ messagesPage }) => {
        |        ^
      6 |     await messagesPage.gotoMessages();
      7 |     await messagesPage.clickFirstConversation();
      8 |   });
        at /Users/htran/Playwright/practice-nopCommerce/tests/messages/verifyMessageContent.spec.ts:5:8

    Error: locator.click: Test timeout of 30000ms exceeded.
    Call log:
    [2m  - waiting for getByTestId('conversation-item').first()[22m
    [2m    - locator resolved to <div tabindex="0" role="button" data-selected="true" data-conversation-item="true" data-test-id="conversation-item" data-conversation-id="ac8f9b8f-306e-4393-a86c-239f2ca42e31" class="_item_15nmp_1 m_8bffd616 mantine-Flex-root __m__-r8r __m__-r8s">…</div>[22m
    [2m  - attempting click action[22m
    [2m    2 × waiting for element to be visible, enabled and stable[22m
    [2m      - element is visible, enabled and stable[22m
    [2m      - scrolling into view if needed[22m
    [2m      - done scrolling[22m
    [2m      - <iframe allowfullscreen="" title="Chat Widget" id="hubspot-conversations-iframe" data-test-id="chat-widget-iframe" src="https://app.hubspot.com/conversations-visitor/9184802/threads/utk/8dbcc9267efc4d9bb8d7e793678ddb1b?uuid=6eca7c1a292a4f818d5c35f2266ebd34&mobile=false&mobileSafari=false&hideWelcomeMessage=false&hstc=90014660.35a5e8606d5ddd8e687c114114440e6d.1782726668669.1782726668669.1782726668669.1&domain=goto.your.rentals&inApp53=false&messagesUtk=8dbcc9267efc4d9bb8d7e793678ddb1b&url=https%3A%2F%2…></iframe> from <div role="region" aria-label="Chat Widget" class="widget-align-left" id="hubspot-messages-iframe-container">…</div> subtree intercepts pointer events[22m
    [2m    - retrying click action[22m
    [2m    - waiting 20ms[22m
    [2m    2 × waiting for element to be visible, enabled and stable[22m
    [2m      - element is visible, enabled and stable[22m
    [2m      - scrolling into view if needed[22m
    [2m      - done scrolling[22m
    [2m      - <iframe allowfullscreen="" title="Chat Widget" id="hubspot-conversations-iframe" data-test-id="chat-widget-iframe" src="https://app.hubspot.com/conversations-visitor/9184802/threads/utk/8dbcc9267efc4d9bb8d7e793678ddb1b?uuid=6eca7c1a292a4f818d5c35f2266ebd34&mobile=false&mobileSafari=false&hideWelcomeMessage=false&hstc=90014660.35a5e8606d5ddd8e687c114114440e6d.1782726668669.1782726668669.1782726668669.1&domain=goto.your.rentals&inApp53=false&messagesUtk=8dbcc9267efc4d9bb8d7e793678ddb1b&url=https%3A%2F%2…></iframe> from <div role="region" aria-label="Chat Widget" class="widget-align-left" id="hubspot-messages-iframe-container">…</div> subtree intercepts pointer events[22m
    [2m    - retrying click action[22m
    [2m      - waiting 100ms[22m
    [2m    47 × waiting for element to be visible, enabled and stable[22m
    [2m       - element is visible, enabled and stable[22m
    [2m       - scrolling into view if needed[22m
    [2m       - done scrolling[22m
    [2m       - <iframe allowfullscreen="" title="Chat Widget" id="hubspot-conversations-iframe" data-test-id="chat-widget-iframe" src="https://app.hubspot.com/conversations-visitor/9184802/threads/utk/8dbcc9267efc4d9bb8d7e793678ddb1b?uuid=6eca7c1a292a4f818d5c35f2266ebd34&mobile=false&mobileSafari=false&hideWelcomeMessage=false&hstc=90014660.35a5e8606d5ddd8e687c114114440e6d.1782726668669.1782726668669.1782726668669.1&domain=goto.your.rentals&inApp53=false&messagesUtk=8dbcc9267efc4d9bb8d7e793678ddb1b&url=https%3A%2F%2…></iframe> from <div role="region" aria-label="Chat Widget" class="widget-align-left" id="hubspot-messages-iframe-container">…</div> subtree intercepts pointer events[22m
    [2m     - retrying click action[22m
    [2m       - waiting 500ms[22m


       at ../pages/messagesPage.ts:76

      74 |
      75 |   async clickFirstConversation() {
    > 76 |     await this.conversationItem.first().click();
         |                                         ^
      77 |   }
      78 |
      79 |   async clickConversationWithStatus(status: string) {
        at MessagesPage.clickFirstConversation (/Users/htran/Playwright/practice-nopCommerce/pages/messagesPage.ts:76:41)
        at /Users/htran/Playwright/practice-nopCommerce/tests/messages/verifyMessageContent.spec.ts:7:24

    attachment #1: screenshot (image/png) ──────────────────────────────────────────────────────────
    test-results/messages-verifyMessageCont-92e3f-ea-accepts-emoji-characters-chromium-retry1/test-failed-1.png
    ────────────────────────────────────────────────────────────────────────────────────────────────

    attachment #2: video (video/webm) ──────────────────────────────────────────────────────────────
    test-results/messages-verifyMessageCont-92e3f-ea-accepts-emoji-characters-chromium-retry1/video.webm
    ────────────────────────────────────────────────────────────────────────────────────────────────

    Error Context: test-results/messages-verifyMessageCont-92e3f-ea-accepts-emoji-characters-chromium-retry1/error-context.md

    attachment #4: trace (application/zip) ─────────────────────────────────────────────────────────
    test-results/messages-verifyMessageCont-92e3f-ea-accepts-emoji-characters-chromium-retry1/trace.zip
    Usage:

        npx playwright show-trace test-results/messages-verifyMessageCont-92e3f-ea-accepts-emoji-characters-chromium-retry1/trace.zip

    ────────────────────────────────────────────────────────────────────────────────────────────────


[1A[2K[75/99] [chromium] › tests/messages/verifyMessageContent.spec.ts:29:7 › Message Content & Reliability — TC_10 › TC_10_003 — Compose area accepts Unicode/Vietnamese characters
[1A[2K[76/99] [chromium] › tests/messages/verifyMessageContent.spec.ts:36:7 › Message Content & Reliability — TC_10 › TC_10_004 — Sent message content persists after page reload
[1A[2K[77/99] [chromium] › tests/messages/verifyMessageContent.spec.ts:45:7 › Message Content & Reliability — TC_10 › TC_10_005 — Rapid double-click on Send does not leave compose dirty
[1A[2K[78/99] [chromium] › tests/messages/verifyMessageContent.spec.ts:45:7 › Message Content & Reliability — TC_10 › TC_10_005 — Rapid double-click on Send does not leave compose dirty (retry #1)
[1A[2K  31) [chromium] › tests/messages/verifyMessageContent.spec.ts:45:7 › Message Content & Reliability — TC_10 › TC_10_005 — Rapid double-click on Send does not leave compose dirty 

    [31mTest timeout of 30000ms exceeded while running "beforeEach" hook.[39m

      3 |
      4 | test.describe('Message Content & Reliability — TC_10', () => {
    > 5 |   test.beforeEach(async ({ messagesPage }) => {
        |        ^
      6 |     await messagesPage.gotoMessages();
      7 |     await messagesPage.clickFirstConversation();
      8 |   });
        at /Users/htran/Playwright/practice-nopCommerce/tests/messages/verifyMessageContent.spec.ts:5:8

    Error: locator.click: Test timeout of 30000ms exceeded.
    Call log:
    [2m  - waiting for getByTestId('conversation-item').first()[22m
    [2m    - locator resolved to <div tabindex="0" role="button" data-selected="true" data-conversation-item="true" data-test-id="conversation-item" data-conversation-id="ac8f9b8f-306e-4393-a86c-239f2ca42e31" class="_item_15nmp_1 m_8bffd616 mantine-Flex-root __m__-r8r __m__-r8s">…</div>[22m
    [2m  - attempting click action[22m
    [2m    2 × waiting for element to be visible, enabled and stable[22m
    [2m      - element is visible, enabled and stable[22m
    [2m      - scrolling into view if needed[22m
    [2m      - done scrolling[22m
    [2m      - <iframe allowfullscreen="" title="Chat Widget" id="hubspot-conversations-iframe" data-test-id="chat-widget-iframe" src="https://app.hubspot.com/conversations-visitor/9184802/threads/utk/8dbcc9267efc4d9bb8d7e793678ddb1b?uuid=9ba61e7efd2f48f893112bc57fac3f31&mobile=false&mobileSafari=false&hideWelcomeMessage=false&hstc=90014660.35a5e8606d5ddd8e687c114114440e6d.1782726668669.1782726668669.1782726668669.1&domain=goto.your.rentals&inApp53=false&messagesUtk=8dbcc9267efc4d9bb8d7e793678ddb1b&url=https%3A%2F%2…></iframe> from <div role="region" aria-label="Chat Widget" class="widget-align-left" id="hubspot-messages-iframe-container">…</div> subtree intercepts pointer events[22m
    [2m    - retrying click action[22m
    [2m    - waiting 20ms[22m
    [2m    2 × waiting for element to be visible, enabled and stable[22m
    [2m      - element is visible, enabled and stable[22m
    [2m      - scrolling into view if needed[22m
    [2m      - done scrolling[22m
    [2m      - <iframe allowfullscreen="" title="Chat Widget" id="hubspot-conversations-iframe" data-test-id="chat-widget-iframe" src="https://app.hubspot.com/conversations-visitor/9184802/threads/utk/8dbcc9267efc4d9bb8d7e793678ddb1b?uuid=9ba61e7efd2f48f893112bc57fac3f31&mobile=false&mobileSafari=false&hideWelcomeMessage=false&hstc=90014660.35a5e8606d5ddd8e687c114114440e6d.1782726668669.1782726668669.1782726668669.1&domain=goto.your.rentals&inApp53=false&messagesUtk=8dbcc9267efc4d9bb8d7e793678ddb1b&url=https%3A%2F%2…></iframe> from <div role="region" aria-label="Chat Widget" class="widget-align-left" id="hubspot-messages-iframe-container">…</div> subtree intercepts pointer events[22m
    [2m    - retrying click action[22m
    [2m      - waiting 100ms[22m
    [2m    47 × waiting for element to be visible, enabled and stable[22m
    [2m       - element is visible, enabled and stable[22m
    [2m       - scrolling into view if needed[22m
    [2m       - done scrolling[22m
    [2m       - <iframe allowfullscreen="" title="Chat Widget" id="hubspot-conversations-iframe" data-test-id="chat-widget-iframe" src="https://app.hubspot.com/conversations-visitor/9184802/threads/utk/8dbcc9267efc4d9bb8d7e793678ddb1b?uuid=9ba61e7efd2f48f893112bc57fac3f31&mobile=false&mobileSafari=false&hideWelcomeMessage=false&hstc=90014660.35a5e8606d5ddd8e687c114114440e6d.1782726668669.1782726668669.1782726668669.1&domain=goto.your.rentals&inApp53=false&messagesUtk=8dbcc9267efc4d9bb8d7e793678ddb1b&url=https%3A%2F%2…></iframe> from <div role="region" aria-label="Chat Widget" class="widget-align-left" id="hubspot-messages-iframe-container">…</div> subtree intercepts pointer events[22m
    [2m     - retrying click action[22m
    [2m       - waiting 500ms[22m


       at ../pages/messagesPage.ts:76

      74 |
      75 |   async clickFirstConversation() {
    > 76 |     await this.conversationItem.first().click();
         |                                         ^
      77 |   }
      78 |
      79 |   async clickConversationWithStatus(status: string) {
        at MessagesPage.clickFirstConversation (/Users/htran/Playwright/practice-nopCommerce/pages/messagesPage.ts:76:41)
        at /Users/htran/Playwright/practice-nopCommerce/tests/messages/verifyMessageContent.spec.ts:7:24

    attachment #1: screenshot (image/png) ──────────────────────────────────────────────────────────
    test-results/messages-verifyMessageCont-a2468-oes-not-leave-compose-dirty-chromium/test-failed-1.png
    ────────────────────────────────────────────────────────────────────────────────────────────────

    attachment #2: video (video/webm) ──────────────────────────────────────────────────────────────
    test-results/messages-verifyMessageCont-a2468-oes-not-leave-compose-dirty-chromium/video.webm
    ────────────────────────────────────────────────────────────────────────────────────────────────

    Error Context: test-results/messages-verifyMessageCont-a2468-oes-not-leave-compose-dirty-chromium/error-context.md

    Retry #1 ───────────────────────────────────────────────────────────────────────────────────────

    [31mTest timeout of 30000ms exceeded while running "beforeEach" hook.[39m

      3 |
      4 | test.describe('Message Content & Reliability — TC_10', () => {
    > 5 |   test.beforeEach(async ({ messagesPage }) => {
        |        ^
      6 |     await messagesPage.gotoMessages();
      7 |     await messagesPage.clickFirstConversation();
      8 |   });
        at /Users/htran/Playwright/practice-nopCommerce/tests/messages/verifyMessageContent.spec.ts:5:8

    Error: locator.click: Test timeout of 30000ms exceeded.
    Call log:
    [2m  - waiting for getByTestId('conversation-item').first()[22m
    [2m    - locator resolved to <div tabindex="0" role="button" data-conversation-item="true" data-test-id="conversation-item" data-conversation-id="ac8f9b8f-306e-4393-a86c-239f2ca42e31" class="_item_15nmp_1 m_8bffd616 mantine-Flex-root __m__-r8r __m__-r8s">…</div>[22m
    [2m  - attempting click action[22m
    [2m    2 × waiting for element to be visible, enabled and stable[22m
    [2m      - element is visible, enabled and stable[22m
    [2m      - scrolling into view if needed[22m
    [2m      - done scrolling[22m
    [2m      - <iframe allowfullscreen="" title="Chat Widget" id="hubspot-conversations-iframe" data-test-id="chat-widget-iframe" src="https://app.hubspot.com/conversations-visitor/9184802/threads/utk/8dbcc9267efc4d9bb8d7e793678ddb1b?uuid=417e2d4566094b3cb81f5658e0ab32b0&mobile=false&mobileSafari=false&hideWelcomeMessage=false&hstc=90014660.35a5e8606d5ddd8e687c114114440e6d.1782726668669.1782726668669.1782728483197.2&domain=goto.your.rentals&inApp53=false&messagesUtk=8dbcc9267efc4d9bb8d7e793678ddb1b&url=https%3A%2F%2…></iframe> from <div role="region" aria-label="Chat Widget" class="widget-align-left" id="hubspot-messages-iframe-container">…</div> subtree intercepts pointer events[22m
    [2m    - retrying click action[22m
    [2m    - waiting 20ms[22m
    [2m    2 × waiting for element to be visible, enabled and stable[22m
    [2m      - element is visible, enabled and stable[22m
    [2m      - scrolling into view if needed[22m
    [2m      - done scrolling[22m
    [2m      - <iframe allowfullscreen="" title="Chat Widget" id="hubspot-conversations-iframe" data-test-id="chat-widget-iframe" src="https://app.hubspot.com/conversations-visitor/9184802/threads/utk/8dbcc9267efc4d9bb8d7e793678ddb1b?uuid=417e2d4566094b3cb81f5658e0ab32b0&mobile=false&mobileSafari=false&hideWelcomeMessage=false&hstc=90014660.35a5e8606d5ddd8e687c114114440e6d.1782726668669.1782726668669.1782728483197.2&domain=goto.your.rentals&inApp53=false&messagesUtk=8dbcc9267efc4d9bb8d7e793678ddb1b&url=https%3A%2F%2…></iframe> from <div role="region" aria-label="Chat Widget" class="widget-align-left" id="hubspot-messages-iframe-container">…</div> subtree intercepts pointer events[22m
    [2m    - retrying click action[22m
    [2m      - waiting 100ms[22m
    [2m    47 × waiting for element to be visible, enabled and stable[22m
    [2m       - element is visible, enabled and stable[22m
    [2m       - scrolling into view if needed[22m
    [2m       - done scrolling[22m
    [2m       - <iframe allowfullscreen="" title="Chat Widget" id="hubspot-conversations-iframe" data-test-id="chat-widget-iframe" src="https://app.hubspot.com/conversations-visitor/9184802/threads/utk/8dbcc9267efc4d9bb8d7e793678ddb1b?uuid=417e2d4566094b3cb81f5658e0ab32b0&mobile=false&mobileSafari=false&hideWelcomeMessage=false&hstc=90014660.35a5e8606d5ddd8e687c114114440e6d.1782726668669.1782726668669.1782728483197.2&domain=goto.your.rentals&inApp53=false&messagesUtk=8dbcc9267efc4d9bb8d7e793678ddb1b&url=https%3A%2F%2…></iframe> from <div role="region" aria-label="Chat Widget" class="widget-align-left" id="hubspot-messages-iframe-container">…</div> subtree intercepts pointer events[22m
    [2m     - retrying click action[22m
    [2m       - waiting 500ms[22m


       at ../pages/messagesPage.ts:76

      74 |
      75 |   async clickFirstConversation() {
    > 76 |     await this.conversationItem.first().click();
         |                                         ^
      77 |   }
      78 |
      79 |   async clickConversationWithStatus(status: string) {
        at MessagesPage.clickFirstConversation (/Users/htran/Playwright/practice-nopCommerce/pages/messagesPage.ts:76:41)
        at /Users/htran/Playwright/practice-nopCommerce/tests/messages/verifyMessageContent.spec.ts:7:24

    attachment #1: screenshot (image/png) ──────────────────────────────────────────────────────────
    test-results/messages-verifyMessageCont-a2468-oes-not-leave-compose-dirty-chromium-retry1/test-failed-1.png
    ────────────────────────────────────────────────────────────────────────────────────────────────

    attachment #2: video (video/webm) ──────────────────────────────────────────────────────────────
    test-results/messages-verifyMessageCont-a2468-oes-not-leave-compose-dirty-chromium-retry1/video.webm
    ────────────────────────────────────────────────────────────────────────────────────────────────

    Error Context: test-results/messages-verifyMessageCont-a2468-oes-not-leave-compose-dirty-chromium-retry1/error-context.md

    attachment #4: trace (application/zip) ─────────────────────────────────────────────────────────
    test-results/messages-verifyMessageCont-a2468-oes-not-leave-compose-dirty-chromium-retry1/trace.zip
    Usage:

        npx playwright show-trace test-results/messages-verifyMessageCont-a2468-oes-not-leave-compose-dirty-chromium-retry1/trace.zip

    ────────────────────────────────────────────────────────────────────────────────────────────────


[1A[2K[79/99] [chromium] › tests/messages/verifyMessageContent.spec.ts:53:7 › Message Content & Reliability — TC_10 › TC_10_007 — Inbox conversation list items have non-empty timestamps
[1A[2K[80/99] [chromium] › tests/messages/verifyMessageContent.spec.ts:62:7 › Message Content & Reliability — TC_10 › TC_10_006 — Message history is visible after reopening conversation
[1A[2K[81/99] [chromium] › tests/messages/verifyMessageContent.spec.ts:62:7 › Message Content & Reliability — TC_10 › TC_10_006 — Message history is visible after reopening conversation (retry #1)
[1A[2K  32) [chromium] › tests/messages/verifyMessageContent.spec.ts:62:7 › Message Content & Reliability — TC_10 › TC_10_006 — Message history is visible after reopening conversation 

    [31mTest timeout of 30000ms exceeded while running "beforeEach" hook.[39m

      3 |
      4 | test.describe('Message Content & Reliability — TC_10', () => {
    > 5 |   test.beforeEach(async ({ messagesPage }) => {
        |        ^
      6 |     await messagesPage.gotoMessages();
      7 |     await messagesPage.clickFirstConversation();
      8 |   });
        at /Users/htran/Playwright/practice-nopCommerce/tests/messages/verifyMessageContent.spec.ts:5:8

    Error: locator.click: Test timeout of 30000ms exceeded.
    Call log:
    [2m  - waiting for getByTestId('conversation-item').first()[22m
    [2m    - locator resolved to <div tabindex="0" role="button" data-selected="true" data-conversation-item="true" data-test-id="conversation-item" data-conversation-id="ac8f9b8f-306e-4393-a86c-239f2ca42e31" class="_item_15nmp_1 m_8bffd616 mantine-Flex-root __m__-r8r __m__-r8s">…</div>[22m
    [2m  - attempting click action[22m
    [2m    2 × waiting for element to be visible, enabled and stable[22m
    [2m      - element is visible, enabled and stable[22m
    [2m      - scrolling into view if needed[22m
    [2m      - done scrolling[22m
    [2m      - <iframe allowfullscreen="" title="Chat Widget" id="hubspot-conversations-iframe" data-test-id="chat-widget-iframe" src="https://app.hubspot.com/conversations-visitor/9184802/threads/utk/8dbcc9267efc4d9bb8d7e793678ddb1b?uuid=48930b057b2c4defa8977cdd1321281c&mobile=false&mobileSafari=false&hideWelcomeMessage=false&hstc=90014660.35a5e8606d5ddd8e687c114114440e6d.1782726668669.1782726668669.1782728523976.2&domain=goto.your.rentals&inApp53=false&messagesUtk=8dbcc9267efc4d9bb8d7e793678ddb1b&url=https%3A%2F%2…></iframe> from <div role="region" aria-label="Chat Widget" class="widget-align-left" id="hubspot-messages-iframe-container">…</div> subtree intercepts pointer events[22m
    [2m    - retrying click action[22m
    [2m    - waiting 20ms[22m
    [2m    2 × waiting for element to be visible, enabled and stable[22m
    [2m      - element is visible, enabled and stable[22m
    [2m      - scrolling into view if needed[22m
    [2m      - done scrolling[22m
    [2m      - <iframe allowfullscreen="" title="Chat Widget" id="hubspot-conversations-iframe" data-test-id="chat-widget-iframe" src="https://app.hubspot.com/conversations-visitor/9184802/threads/utk/8dbcc9267efc4d9bb8d7e793678ddb1b?uuid=48930b057b2c4defa8977cdd1321281c&mobile=false&mobileSafari=false&hideWelcomeMessage=false&hstc=90014660.35a5e8606d5ddd8e687c114114440e6d.1782726668669.1782726668669.1782728523976.2&domain=goto.your.rentals&inApp53=false&messagesUtk=8dbcc9267efc4d9bb8d7e793678ddb1b&url=https%3A%2F%2…></iframe> from <div role="region" aria-label="Chat Widget" class="widget-align-left" id="hubspot-messages-iframe-container">…</div> subtree intercepts pointer events[22m
    [2m    - retrying click action[22m
    [2m      - waiting 100ms[22m
    [2m    47 × waiting for element to be visible, enabled and stable[22m
    [2m       - element is visible, enabled and stable[22m
    [2m       - scrolling into view if needed[22m
    [2m       - done scrolling[22m
    [2m       - <iframe allowfullscreen="" title="Chat Widget" id="hubspot-conversations-iframe" data-test-id="chat-widget-iframe" src="https://app.hubspot.com/conversations-visitor/9184802/threads/utk/8dbcc9267efc4d9bb8d7e793678ddb1b?uuid=48930b057b2c4defa8977cdd1321281c&mobile=false&mobileSafari=false&hideWelcomeMessage=false&hstc=90014660.35a5e8606d5ddd8e687c114114440e6d.1782726668669.1782726668669.1782728523976.2&domain=goto.your.rentals&inApp53=false&messagesUtk=8dbcc9267efc4d9bb8d7e793678ddb1b&url=https%3A%2F%2…></iframe> from <div role="region" aria-label="Chat Widget" class="widget-align-left" id="hubspot-messages-iframe-container">…</div> subtree intercepts pointer events[22m
    [2m     - retrying click action[22m
    [2m       - waiting 500ms[22m


       at ../pages/messagesPage.ts:76

      74 |
      75 |   async clickFirstConversation() {
    > 76 |     await this.conversationItem.first().click();
         |                                         ^
      77 |   }
      78 |
      79 |   async clickConversationWithStatus(status: string) {
        at MessagesPage.clickFirstConversation (/Users/htran/Playwright/practice-nopCommerce/pages/messagesPage.ts:76:41)
        at /Users/htran/Playwright/practice-nopCommerce/tests/messages/verifyMessageContent.spec.ts:7:24

    attachment #1: screenshot (image/png) ──────────────────────────────────────────────────────────
    test-results/messages-verifyMessageCont-97bab-fter-reopening-conversation-chromium/test-failed-1.png
    ────────────────────────────────────────────────────────────────────────────────────────────────

    attachment #2: video (video/webm) ──────────────────────────────────────────────────────────────
    test-results/messages-verifyMessageCont-97bab-fter-reopening-conversation-chromium/video.webm
    ────────────────────────────────────────────────────────────────────────────────────────────────

    Error Context: test-results/messages-verifyMessageCont-97bab-fter-reopening-conversation-chromium/error-context.md

    Retry #1 ───────────────────────────────────────────────────────────────────────────────────────

    [31mTest timeout of 30000ms exceeded.[39m

    Error: locator.click: Test timeout of 30000ms exceeded.
    Call log:
    [2m  - waiting for getByTestId('conversation-item').first()[22m
    [2m    - locator resolved to <div tabindex="0" role="button" data-selected="true" data-conversation-item="true" data-test-id="conversation-item" data-conversation-id="ac8f9b8f-306e-4393-a86c-239f2ca42e31" class="_item_15nmp_1 m_8bffd616 mantine-Flex-root __m__-r8r __m__-r8s">…</div>[22m
    [2m  - attempting click action[22m
    [2m    2 × waiting for element to be visible, enabled and stable[22m
    [2m      - element is visible, enabled and stable[22m
    [2m      - scrolling into view if needed[22m
    [2m      - done scrolling[22m
    [2m      - <iframe allowfullscreen="" title="Chat Widget" id="hubspot-conversations-iframe" data-test-id="chat-widget-iframe" src="https://app.hubspot.com/conversations-visitor/9184802/threads/utk/8dbcc9267efc4d9bb8d7e793678ddb1b?uuid=e9b467eb57d04f829036b8cd5cb57eb1&mobile=false&mobileSafari=false&hideWelcomeMessage=false&hstc=90014660.35a5e8606d5ddd8e687c114114440e6d.1782726668669.1782726668669.1782728556391.2&domain=goto.your.rentals&inApp53=false&messagesUtk=8dbcc9267efc4d9bb8d7e793678ddb1b&url=https%3A%2F%2…></iframe> from <div role="region" aria-label="Chat Widget" class="widget-align-left" id="hubspot-messages-iframe-container">…</div> subtree intercepts pointer events[22m
    [2m    - retrying click action[22m
    [2m    - waiting 20ms[22m
    [2m    2 × waiting for element to be visible, enabled and stable[22m
    [2m      - element is visible, enabled and stable[22m
    [2m      - scrolling into view if needed[22m
    [2m      - done scrolling[22m
    [2m      - <iframe allowfullscreen="" title="Chat Widget" id="hubspot-conversations-iframe" data-test-id="chat-widget-iframe" src="https://app.hubspot.com/conversations-visitor/9184802/threads/utk/8dbcc9267efc4d9bb8d7e793678ddb1b?uuid=e9b467eb57d04f829036b8cd5cb57eb1&mobile=false&mobileSafari=false&hideWelcomeMessage=false&hstc=90014660.35a5e8606d5ddd8e687c114114440e6d.1782726668669.1782726668669.1782728556391.2&domain=goto.your.rentals&inApp53=false&messagesUtk=8dbcc9267efc4d9bb8d7e793678ddb1b&url=https%3A%2F%2…></iframe> from <div role="region" aria-label="Chat Widget" class="widget-align-left" id="hubspot-messages-iframe-container">…</div> subtree intercepts pointer events[22m
    [2m    - retrying click action[22m
    [2m      - waiting 100ms[22m
    [2m    41 × waiting for element to be visible, enabled and stable[22m
    [2m       - element is visible, enabled and stable[22m
    [2m       - scrolling into view if needed[22m
    [2m       - done scrolling[22m
    [2m       - <iframe allowfullscreen="" title="Chat Widget" id="hubspot-conversations-iframe" data-test-id="chat-widget-iframe" src="https://app.hubspot.com/conversations-visitor/9184802/threads/utk/8dbcc9267efc4d9bb8d7e793678ddb1b?uuid=e9b467eb57d04f829036b8cd5cb57eb1&mobile=false&mobileSafari=false&hideWelcomeMessage=false&hstc=90014660.35a5e8606d5ddd8e687c114114440e6d.1782726668669.1782726668669.1782728556391.2&domain=goto.your.rentals&inApp53=false&messagesUtk=8dbcc9267efc4d9bb8d7e793678ddb1b&url=https%3A%2F%2…></iframe> from <div role="region" aria-label="Chat Widget" class="widget-align-left" id="hubspot-messages-iframe-container">…</div> subtree intercepts pointer events[22m
    [2m     - retrying click action[22m
    [2m       - waiting 500ms[22m


       at ../pages/messagesPage.ts:76

      74 |
      75 |   async clickFirstConversation() {
    > 76 |     await this.conversationItem.first().click();
         |                                         ^
      77 |   }
      78 |
      79 |   async clickConversationWithStatus(status: string) {
        at MessagesPage.clickFirstConversation (/Users/htran/Playwright/practice-nopCommerce/pages/messagesPage.ts:76:41)
        at /Users/htran/Playwright/practice-nopCommerce/tests/messages/verifyMessageContent.spec.ts:65:24

    attachment #1: screenshot (image/png) ──────────────────────────────────────────────────────────
    test-results/messages-verifyMessageCont-97bab-fter-reopening-conversation-chromium-retry1/test-failed-1.png
    ────────────────────────────────────────────────────────────────────────────────────────────────

    attachment #2: video (video/webm) ──────────────────────────────────────────────────────────────
    test-results/messages-verifyMessageCont-97bab-fter-reopening-conversation-chromium-retry1/video.webm
    ────────────────────────────────────────────────────────────────────────────────────────────────

    Error Context: test-results/messages-verifyMessageCont-97bab-fter-reopening-conversation-chromium-retry1/error-context.md

    attachment #4: trace (application/zip) ─────────────────────────────────────────────────────────
    test-results/messages-verifyMessageCont-97bab-fter-reopening-conversation-chromium-retry1/trace.zip
    Usage:

        npx playwright show-trace test-results/messages-verifyMessageCont-97bab-fter-reopening-conversation-chromium-retry1/trace.zip

    ────────────────────────────────────────────────────────────────────────────────────────────────


[1A[2K[82/99] [chromium] › tests/messages/verifyMessagesFilters.spec.ts:9:7 › Messages Filters › Verify clicking Unread filter opens a conversation or updates URL
[1A[2K[83/99] [chromium] › tests/messages/verifyMessagesFilters.spec.ts:16:7 › Messages Filters › Verify Filters panel opens when clicking Filters button
[1A[2K[84/99] [chromium] › tests/messages/verifyMessagesFilters.spec.ts:23:7 › Messages Filters › Verify Filters panel shows Listings search input
[1A[2K[85/99] [chromium] › tests/messages/verifyMessagesFilters.spec.ts:28:7 › Messages Filters › Verify Filters panel shows Channels search input
[1A[2K[86/99] [chromium] › tests/messages/verifyMessagesFilters.spec.ts:33:7 › Messages Filters › Verify Unread filter URL navigates to statuses=unread
[1A[2K[87/99] [chromium] › tests/messages/verifyMessagesPage.spec.ts:9:7 › Messages Page › Verify Messages page loads with correct URL and title
[1A[2K[88/99] [chromium] › tests/messages/verifyMessagesPage.spec.ts:14:7 › Messages Page › Verify conversation list is visible on Messages page
[1A[2K[89/99] [chromium] › tests/messages/verifyMessagesPage.spec.ts:18:7 › Messages Page › Verify each conversation item shows guest name, last message, and status
[1A[2K[90/99] [chromium] › tests/messages/verifyMessagesPage.spec.ts:24:7 › Messages Page › Verify Unread filter button is visible on Messages page
[1A[2K[91/99] [chromium] › tests/messages/verifyMessagesPage.spec.ts:28:7 › Messages Page › Verify Filters button is visible on Messages page
[1A[2K[92/99] [chromium] › tests/messages/verifyMessagesPage.spec.ts:32:7 › Messages Page › Verify Manage Quick Replies button is visible on Messages page
[1A[2K[93/99] [chromium] › tests/messages/verifyMessagesPage.spec.ts:38:7 › Messages Navigation › Verify Messages page is accessible from Guests navigation menu
[1A[2K[94/99] [chromium] › tests/messages/verifyMessagesPage.spec.ts:46:7 › Messages Navigation › Verify Messages menu shows unread count badge
[1A[2K[95/99] [chromium] › tests/messages/verifyQuickReplies.spec.ts:10:7 › Quick Replies & Attachments — TC_05 › TC_05_001 — Clicking Quick Replies opens the quick replies panel
[1A[2K[96/99] [chromium] › tests/messages/verifyQuickReplies.spec.ts:10:7 › Quick Replies & Attachments — TC_05 › TC_05_001 — Clicking Quick Replies opens the quick replies panel (retry #1)
[1A[2K  33) [chromium] › tests/messages/verifyQuickReplies.spec.ts:10:7 › Quick Replies & Attachments — TC_05 › TC_05_001 — Clicking Quick Replies opens the quick replies panel 

    [31mTest timeout of 30000ms exceeded while running "beforeEach" hook.[39m

      3 |
      4 | test.describe('Quick Replies & Attachments — TC_05', () => {
    > 5 |   test.beforeEach(async ({ messagesPage }) => {
        |        ^
      6 |     await messagesPage.gotoMessages();
      7 |     await messagesPage.clickFirstConversation();
      8 |   });
        at /Users/htran/Playwright/practice-nopCommerce/tests/messages/verifyQuickReplies.spec.ts:5:8

    Error: locator.click: Test timeout of 30000ms exceeded.
    Call log:
    [2m  - waiting for getByTestId('conversation-item').first()[22m
    [2m    - locator resolved to <div tabindex="0" role="button" data-selected="true" data-conversation-item="true" data-test-id="conversation-item" data-conversation-id="ac8f9b8f-306e-4393-a86c-239f2ca42e31" class="_item_15nmp_1 m_8bffd616 mantine-Flex-root __m__-r8r __m__-r8s">…</div>[22m
    [2m  - attempting click action[22m
    [2m    2 × waiting for element to be visible, enabled and stable[22m
    [2m      - element is visible, enabled and stable[22m
    [2m      - scrolling into view if needed[22m
    [2m      - done scrolling[22m
    [2m      - <iframe allowfullscreen="" title="Chat Widget" id="hubspot-conversations-iframe" data-test-id="chat-widget-iframe" src="https://app.hubspot.com/conversations-visitor/9184802/threads/utk/8dbcc9267efc4d9bb8d7e793678ddb1b?uuid=53bb008607c84567854ed4470d8f00c9&mobile=false&mobileSafari=false&hideWelcomeMessage=false&hstc=90014660.35a5e8606d5ddd8e687c114114440e6d.1782726668669.1782726668669.1782726668669.1&domain=goto.your.rentals&inApp53=false&messagesUtk=8dbcc9267efc4d9bb8d7e793678ddb1b&url=https%3A%2F%2…></iframe> from <div role="region" aria-label="Chat Widget" class="widget-align-left" id="hubspot-messages-iframe-container">…</div> subtree intercepts pointer events[22m
    [2m    - retrying click action[22m
    [2m    - waiting 20ms[22m
    [2m    2 × waiting for element to be visible, enabled and stable[22m
    [2m      - element is visible, enabled and stable[22m
    [2m      - scrolling into view if needed[22m
    [2m      - done scrolling[22m
    [2m      - <iframe allowfullscreen="" title="Chat Widget" id="hubspot-conversations-iframe" data-test-id="chat-widget-iframe" src="https://app.hubspot.com/conversations-visitor/9184802/threads/utk/8dbcc9267efc4d9bb8d7e793678ddb1b?uuid=53bb008607c84567854ed4470d8f00c9&mobile=false&mobileSafari=false&hideWelcomeMessage=false&hstc=90014660.35a5e8606d5ddd8e687c114114440e6d.1782726668669.1782726668669.1782726668669.1&domain=goto.your.rentals&inApp53=false&messagesUtk=8dbcc9267efc4d9bb8d7e793678ddb1b&url=https%3A%2F%2…></iframe> from <div role="region" aria-label="Chat Widget" class="widget-align-left" id="hubspot-messages-iframe-container">…</div> subtree intercepts pointer events[22m
    [2m    - retrying click action[22m
    [2m      - waiting 100ms[22m
    [2m    49 × waiting for element to be visible, enabled and stable[22m
    [2m       - element is visible, enabled and stable[22m
    [2m       - scrolling into view if needed[22m
    [2m       - done scrolling[22m
    [2m       - <iframe allowfullscreen="" title="Chat Widget" id="hubspot-conversations-iframe" data-test-id="chat-widget-iframe" src="https://app.hubspot.com/conversations-visitor/9184802/threads/utk/8dbcc9267efc4d9bb8d7e793678ddb1b?uuid=53bb008607c84567854ed4470d8f00c9&mobile=false&mobileSafari=false&hideWelcomeMessage=false&hstc=90014660.35a5e8606d5ddd8e687c114114440e6d.1782726668669.1782726668669.1782726668669.1&domain=goto.your.rentals&inApp53=false&messagesUtk=8dbcc9267efc4d9bb8d7e793678ddb1b&url=https%3A%2F%2…></iframe> from <div role="region" aria-label="Chat Widget" class="widget-align-left" id="hubspot-messages-iframe-container">…</div> subtree intercepts pointer events[22m
    [2m     - retrying click action[22m
    [2m       - waiting 500ms[22m


       at ../pages/messagesPage.ts:76

      74 |
      75 |   async clickFirstConversation() {
    > 76 |     await this.conversationItem.first().click();
         |                                         ^
      77 |   }
      78 |
      79 |   async clickConversationWithStatus(status: string) {
        at MessagesPage.clickFirstConversation (/Users/htran/Playwright/practice-nopCommerce/pages/messagesPage.ts:76:41)
        at /Users/htran/Playwright/practice-nopCommerce/tests/messages/verifyQuickReplies.spec.ts:7:24

    attachment #1: screenshot (image/png) ──────────────────────────────────────────────────────────
    test-results/messages-verifyQuickReplie-e895d-ens-the-quick-replies-panel-chromium/test-failed-1.png
    ────────────────────────────────────────────────────────────────────────────────────────────────

    attachment #2: video (video/webm) ──────────────────────────────────────────────────────────────
    test-results/messages-verifyQuickReplie-e895d-ens-the-quick-replies-panel-chromium/video.webm
    ────────────────────────────────────────────────────────────────────────────────────────────────

    Error Context: test-results/messages-verifyQuickReplie-e895d-ens-the-quick-replies-panel-chromium/error-context.md

    Retry #1 ───────────────────────────────────────────────────────────────────────────────────────

    [31mTest timeout of 30000ms exceeded while running "beforeEach" hook.[39m

      3 |
      4 | test.describe('Quick Replies & Attachments — TC_05', () => {
    > 5 |   test.beforeEach(async ({ messagesPage }) => {
        |        ^
      6 |     await messagesPage.gotoMessages();
      7 |     await messagesPage.clickFirstConversation();
      8 |   });
        at /Users/htran/Playwright/practice-nopCommerce/tests/messages/verifyQuickReplies.spec.ts:5:8

    Error: locator.click: Test timeout of 30000ms exceeded.
    Call log:
    [2m  - waiting for getByTestId('conversation-item').first()[22m
    [2m    - locator resolved to <div tabindex="0" role="button" data-selected="true" data-conversation-item="true" data-test-id="conversation-item" data-conversation-id="ac8f9b8f-306e-4393-a86c-239f2ca42e31" class="_item_15nmp_1 m_8bffd616 mantine-Flex-root __m__-r8r __m__-r8s">…</div>[22m
    [2m  - attempting click action[22m
    [2m    2 × waiting for element to be visible, enabled and stable[22m
    [2m      - element is visible, enabled and stable[22m
    [2m      - scrolling into view if needed[22m
    [2m      - done scrolling[22m
    [2m      - <iframe allowfullscreen="" title="Chat Widget" id="hubspot-conversations-iframe" data-test-id="chat-widget-iframe" src="https://app.hubspot.com/conversations-visitor/9184802/threads/utk/8dbcc9267efc4d9bb8d7e793678ddb1b?uuid=eba56dccf4e1412db2dfaa71483cda4f&mobile=false&mobileSafari=false&hideWelcomeMessage=false&hstc=90014660.35a5e8606d5ddd8e687c114114440e6d.1782726668669.1782726668669.1782726668669.1&domain=goto.your.rentals&inApp53=false&messagesUtk=8dbcc9267efc4d9bb8d7e793678ddb1b&url=https%3A%2F%2…></iframe> from <div role="region" aria-label="Chat Widget" class="widget-align-left" id="hubspot-messages-iframe-container">…</div> subtree intercepts pointer events[22m
    [2m    - retrying click action[22m
    [2m    - waiting 20ms[22m
    [2m    2 × waiting for element to be visible, enabled and stable[22m
    [2m      - element is visible, enabled and stable[22m
    [2m      - scrolling into view if needed[22m
    [2m      - done scrolling[22m
    [2m      - <iframe allowfullscreen="" title="Chat Widget" id="hubspot-conversations-iframe" data-test-id="chat-widget-iframe" src="https://app.hubspot.com/conversations-visitor/9184802/threads/utk/8dbcc9267efc4d9bb8d7e793678ddb1b?uuid=eba56dccf4e1412db2dfaa71483cda4f&mobile=false&mobileSafari=false&hideWelcomeMessage=false&hstc=90014660.35a5e8606d5ddd8e687c114114440e6d.1782726668669.1782726668669.1782726668669.1&domain=goto.your.rentals&inApp53=false&messagesUtk=8dbcc9267efc4d9bb8d7e793678ddb1b&url=https%3A%2F%2…></iframe> from <div role="region" aria-label="Chat Widget" class="widget-align-left" id="hubspot-messages-iframe-container">…</div> subtree intercepts pointer events[22m
    [2m    - retrying click action[22m
    [2m      - waiting 100ms[22m
    [2m    48 × waiting for element to be visible, enabled and stable[22m
    [2m       - element is visible, enabled and stable[22m
    [2m       - scrolling into view if needed[22m
    [2m       - done scrolling[22m
    [2m       - <iframe allowfullscreen="" title="Chat Widget" id="hubspot-conversations-iframe" data-test-id="chat-widget-iframe" src="https://app.hubspot.com/conversations-visitor/9184802/threads/utk/8dbcc9267efc4d9bb8d7e793678ddb1b?uuid=eba56dccf4e1412db2dfaa71483cda4f&mobile=false&mobileSafari=false&hideWelcomeMessage=false&hstc=90014660.35a5e8606d5ddd8e687c114114440e6d.1782726668669.1782726668669.1782726668669.1&domain=goto.your.rentals&inApp53=false&messagesUtk=8dbcc9267efc4d9bb8d7e793678ddb1b&url=https%3A%2F%2…></iframe> from <div role="region" aria-label="Chat Widget" class="widget-align-left" id="hubspot-messages-iframe-container">…</div> subtree intercepts pointer events[22m
    [2m     - retrying click action[22m
    [2m       - waiting 500ms[22m


       at ../pages/messagesPage.ts:76

      74 |
      75 |   async clickFirstConversation() {
    > 76 |     await this.conversationItem.first().click();
         |                                         ^
      77 |   }
      78 |
      79 |   async clickConversationWithStatus(status: string) {
        at MessagesPage.clickFirstConversation (/Users/htran/Playwright/practice-nopCommerce/pages/messagesPage.ts:76:41)
        at /Users/htran/Playwright/practice-nopCommerce/tests/messages/verifyQuickReplies.spec.ts:7:24

    attachment #1: screenshot (image/png) ──────────────────────────────────────────────────────────
    test-results/messages-verifyQuickReplie-e895d-ens-the-quick-replies-panel-chromium-retry1/test-failed-1.png
    ────────────────────────────────────────────────────────────────────────────────────────────────

    attachment #2: video (video/webm) ──────────────────────────────────────────────────────────────
    test-results/messages-verifyQuickReplie-e895d-ens-the-quick-replies-panel-chromium-retry1/video.webm
    ────────────────────────────────────────────────────────────────────────────────────────────────

    Error Context: test-results/messages-verifyQuickReplie-e895d-ens-the-quick-replies-panel-chromium-retry1/error-context.md

    attachment #4: trace (application/zip) ─────────────────────────────────────────────────────────
    test-results/messages-verifyQuickReplie-e895d-ens-the-quick-replies-panel-chromium-retry1/trace.zip
    Usage:

        npx playwright show-trace test-results/messages-verifyQuickReplie-e895d-ens-the-quick-replies-panel-chromium-retry1/trace.zip

    ────────────────────────────────────────────────────────────────────────────────────────────────


[1A[2K[97/99] [chromium] › tests/messages/verifyQuickReplies.spec.ts:19:7 › Quick Replies & Attachments — TC_05 › TC_05_003 — Clicking Manage Quick Replies opens management page or dialog
[1A[2K[98/99] [chromium] › tests/messages/verifyQuickReplies.spec.ts:19:7 › Quick Replies & Attachments — TC_05 › TC_05_003 — Clicking Manage Quick Replies opens management page or dialog (retry #1)
[1A[2K  34) [chromium] › tests/messages/verifyQuickReplies.spec.ts:19:7 › Quick Replies & Attachments — TC_05 › TC_05_003 — Clicking Manage Quick Replies opens management page or dialog 

    [31mTest timeout of 30000ms exceeded while running "beforeEach" hook.[39m

      3 |
      4 | test.describe('Quick Replies & Attachments — TC_05', () => {
    > 5 |   test.beforeEach(async ({ messagesPage }) => {
        |        ^
      6 |     await messagesPage.gotoMessages();
      7 |     await messagesPage.clickFirstConversation();
      8 |   });
        at /Users/htran/Playwright/practice-nopCommerce/tests/messages/verifyQuickReplies.spec.ts:5:8

    Error: locator.click: Test timeout of 30000ms exceeded.
    Call log:
    [2m  - waiting for getByTestId('conversation-item').first()[22m


       at ../pages/messagesPage.ts:76

      74 |
      75 |   async clickFirstConversation() {
    > 76 |     await this.conversationItem.first().click();
         |                                         ^
      77 |   }
      78 |
      79 |   async clickConversationWithStatus(status: string) {
        at MessagesPage.clickFirstConversation (/Users/htran/Playwright/practice-nopCommerce/pages/messagesPage.ts:76:41)
        at /Users/htran/Playwright/practice-nopCommerce/tests/messages/verifyQuickReplies.spec.ts:7:24

    attachment #1: screenshot (image/png) ──────────────────────────────────────────────────────────
    test-results/messages-verifyQuickReplie-74828-s-management-page-or-dialog-chromium/test-failed-1.png
    ────────────────────────────────────────────────────────────────────────────────────────────────

    attachment #2: video (video/webm) ──────────────────────────────────────────────────────────────
    test-results/messages-verifyQuickReplie-74828-s-management-page-or-dialog-chromium/video.webm
    ────────────────────────────────────────────────────────────────────────────────────────────────

    Error Context: test-results/messages-verifyQuickReplie-74828-s-management-page-or-dialog-chromium/error-context.md

    Retry #1 ───────────────────────────────────────────────────────────────────────────────────────

    [31mTest timeout of 30000ms exceeded while running "beforeEach" hook.[39m

      3 |
      4 | test.describe('Quick Replies & Attachments — TC_05', () => {
    > 5 |   test.beforeEach(async ({ messagesPage }) => {
        |        ^
      6 |     await messagesPage.gotoMessages();
      7 |     await messagesPage.clickFirstConversation();
      8 |   });
        at /Users/htran/Playwright/practice-nopCommerce/tests/messages/verifyQuickReplies.spec.ts:5:8

    Error: locator.click: Test timeout of 30000ms exceeded.
    Call log:
    [2m  - waiting for getByTestId('conversation-item').first()[22m
    [2m    - locator resolved to <div tabindex="0" role="button" data-selected="true" data-conversation-item="true" data-test-id="conversation-item" data-conversation-id="ac8f9b8f-306e-4393-a86c-239f2ca42e31" class="_item_15nmp_1 m_8bffd616 mantine-Flex-root __m__-r8r __m__-r8s">…</div>[22m
    [2m  - attempting click action[22m
    [2m    2 × waiting for element to be visible, enabled and stable[22m
    [2m      - element is visible, enabled and stable[22m
    [2m      - scrolling into view if needed[22m
    [2m      - done scrolling[22m
    [2m      - <iframe allowfullscreen="" title="Chat Widget" id="hubspot-conversations-iframe" data-test-id="chat-widget-iframe" src="https://app.hubspot.com/conversations-visitor/9184802/threads/utk/8dbcc9267efc4d9bb8d7e793678ddb1b?uuid=e261ea3339234b928b34309634aa4752&mobile=false&mobileSafari=false&hideWelcomeMessage=false&hstc=90014660.35a5e8606d5ddd8e687c114114440e6d.1782726668669.1782726668669.1782728743341.2&domain=goto.your.rentals&inApp53=false&messagesUtk=8dbcc9267efc4d9bb8d7e793678ddb1b&url=https%3A%2F%2…></iframe> from <div role="region" aria-label="Chat Widget" class="widget-align-left" id="hubspot-messages-iframe-container">…</div> subtree intercepts pointer events[22m
    [2m    - retrying click action[22m
    [2m    - waiting 20ms[22m
    [2m    2 × waiting for element to be visible, enabled and stable[22m
    [2m      - element is visible, enabled and stable[22m
    [2m      - scrolling into view if needed[22m
    [2m      - done scrolling[22m
    [2m      - <iframe allowfullscreen="" title="Chat Widget" id="hubspot-conversations-iframe" data-test-id="chat-widget-iframe" src="https://app.hubspot.com/conversations-visitor/9184802/threads/utk/8dbcc9267efc4d9bb8d7e793678ddb1b?uuid=e261ea3339234b928b34309634aa4752&mobile=false&mobileSafari=false&hideWelcomeMessage=false&hstc=90014660.35a5e8606d5ddd8e687c114114440e6d.1782726668669.1782726668669.1782728743341.2&domain=goto.your.rentals&inApp53=false&messagesUtk=8dbcc9267efc4d9bb8d7e793678ddb1b&url=https%3A%2F%2…></iframe> from <div role="region" aria-label="Chat Widget" class="widget-align-left" id="hubspot-messages-iframe-container">…</div> subtree intercepts pointer events[22m
    [2m    - retrying click action[22m
    [2m      - waiting 100ms[22m
    [2m    47 × waiting for element to be visible, enabled and stable[22m
    [2m       - element is visible, enabled and stable[22m
    [2m       - scrolling into view if needed[22m
    [2m       - done scrolling[22m
    [2m       - <iframe allowfullscreen="" title="Chat Widget" id="hubspot-conversations-iframe" data-test-id="chat-widget-iframe" src="https://app.hubspot.com/conversations-visitor/9184802/threads/utk/8dbcc9267efc4d9bb8d7e793678ddb1b?uuid=e261ea3339234b928b34309634aa4752&mobile=false&mobileSafari=false&hideWelcomeMessage=false&hstc=90014660.35a5e8606d5ddd8e687c114114440e6d.1782726668669.1782726668669.1782728743341.2&domain=goto.your.rentals&inApp53=false&messagesUtk=8dbcc9267efc4d9bb8d7e793678ddb1b&url=https%3A%2F%2…></iframe> from <div role="region" aria-label="Chat Widget" class="widget-align-left" id="hubspot-messages-iframe-container">…</div> subtree intercepts pointer events[22m
    [2m     - retrying click action[22m
    [2m       - waiting 500ms[22m


       at ../pages/messagesPage.ts:76

      74 |
      75 |   async clickFirstConversation() {
    > 76 |     await this.conversationItem.first().click();
         |                                         ^
      77 |   }
      78 |
      79 |   async clickConversationWithStatus(status: string) {
        at MessagesPage.clickFirstConversation (/Users/htran/Playwright/practice-nopCommerce/pages/messagesPage.ts:76:41)
        at /Users/htran/Playwright/practice-nopCommerce/tests/messages/verifyQuickReplies.spec.ts:7:24

    attachment #1: screenshot (image/png) ──────────────────────────────────────────────────────────
    test-results/messages-verifyQuickReplie-74828-s-management-page-or-dialog-chromium-retry1/test-failed-1.png
    ────────────────────────────────────────────────────────────────────────────────────────────────

    attachment #2: video (video/webm) ──────────────────────────────────────────────────────────────
    test-results/messages-verifyQuickReplie-74828-s-management-page-or-dialog-chromium-retry1/video.webm
    ────────────────────────────────────────────────────────────────────────────────────────────────

    Error Context: test-results/messages-verifyQuickReplie-74828-s-management-page-or-dialog-chromium-retry1/error-context.md

    attachment #4: trace (application/zip) ─────────────────────────────────────────────────────────
    test-results/messages-verifyQuickReplie-74828-s-management-page-or-dialog-chromium-retry1/trace.zip
    Usage:

        npx playwright show-trace test-results/messages-verifyQuickReplie-74828-s-management-page-or-dialog-chromium-retry1/trace.zip

    ────────────────────────────────────────────────────────────────────────────────────────────────


[1A[2K[99/99] [chromium] › tests/messages/verifyQuickReplies.spec.ts:32:7 › Quick Replies & Attachments — TC_05 › TC_05_004 — Generate Reply button is visible and triggers dialog
[1A[2K[100/99] (retries) [chromium] › tests/messages/verifyQuickReplies.spec.ts:32:7 › Quick Replies & Attachments — TC_05 › TC_05_004 — Generate Reply button is visible and triggers dialog (retry #1)
[1A[2K  35) [chromium] › tests/messages/verifyQuickReplies.spec.ts:32:7 › Quick Replies & Attachments — TC_05 › TC_05_004 — Generate Reply button is visible and triggers dialog 

    [31mTest timeout of 30000ms exceeded while running "beforeEach" hook.[39m

      3 |
      4 | test.describe('Quick Replies & Attachments — TC_05', () => {
    > 5 |   test.beforeEach(async ({ messagesPage }) => {
        |        ^
      6 |     await messagesPage.gotoMessages();
      7 |     await messagesPage.clickFirstConversation();
      8 |   });
        at /Users/htran/Playwright/practice-nopCommerce/tests/messages/verifyQuickReplies.spec.ts:5:8

    Error: locator.click: Test timeout of 30000ms exceeded.
    Call log:
    [2m  - waiting for getByTestId('conversation-item').first()[22m
    [2m    - locator resolved to <div tabindex="0" role="button" data-selected="true" data-conversation-item="true" data-test-id="conversation-item" data-conversation-id="ac8f9b8f-306e-4393-a86c-239f2ca42e31" class="_item_15nmp_1 m_8bffd616 mantine-Flex-root __m__-r8q __m__-r8r">…</div>[22m
    [2m  - attempting click action[22m
    [2m    2 × waiting for element to be visible, enabled and stable[22m
    [2m      - element is visible, enabled and stable[22m
    [2m      - scrolling into view if needed[22m
    [2m      - done scrolling[22m
    [2m      - <iframe allowfullscreen="" title="Chat Widget" id="hubspot-conversations-iframe" data-test-id="chat-widget-iframe" src="https://app.hubspot.com/conversations-visitor/9184802/threads/utk/8dbcc9267efc4d9bb8d7e793678ddb1b?uuid=69a1e3516c104e25adc66e2b53499da7&mobile=false&mobileSafari=false&hideWelcomeMessage=false&hstc=90014660.35a5e8606d5ddd8e687c114114440e6d.1782726668669.1782726668669.1782726668669.1&domain=goto.your.rentals&inApp53=false&messagesUtk=8dbcc9267efc4d9bb8d7e793678ddb1b&url=https%3A%2F%2…></iframe> from <div role="region" aria-label="Chat Widget" class="widget-align-left" id="hubspot-messages-iframe-container">…</div> subtree intercepts pointer events[22m
    [2m    - retrying click action[22m
    [2m    - waiting 20ms[22m
    [2m    2 × waiting for element to be visible, enabled and stable[22m
    [2m      - element is visible, enabled and stable[22m
    [2m      - scrolling into view if needed[22m
    [2m      - done scrolling[22m
    [2m      - <iframe allowfullscreen="" title="Chat Widget" id="hubspot-conversations-iframe" data-test-id="chat-widget-iframe" src="https://app.hubspot.com/conversations-visitor/9184802/threads/utk/8dbcc9267efc4d9bb8d7e793678ddb1b?uuid=69a1e3516c104e25adc66e2b53499da7&mobile=false&mobileSafari=false&hideWelcomeMessage=false&hstc=90014660.35a5e8606d5ddd8e687c114114440e6d.1782726668669.1782726668669.1782726668669.1&domain=goto.your.rentals&inApp53=false&messagesUtk=8dbcc9267efc4d9bb8d7e793678ddb1b&url=https%3A%2F%2…></iframe> from <div role="region" aria-label="Chat Widget" class="widget-align-left" id="hubspot-messages-iframe-container">…</div> subtree intercepts pointer events[22m
    [2m    - retrying click action[22m
    [2m      - waiting 100ms[22m
    [2m    46 × waiting for element to be visible, enabled and stable[22m
    [2m       - element is visible, enabled and stable[22m
    [2m       - scrolling into view if needed[22m
    [2m       - done scrolling[22m
    [2m       - <iframe allowfullscreen="" title="Chat Widget" id="hubspot-conversations-iframe" data-test-id="chat-widget-iframe" src="https://app.hubspot.com/conversations-visitor/9184802/threads/utk/8dbcc9267efc4d9bb8d7e793678ddb1b?uuid=69a1e3516c104e25adc66e2b53499da7&mobile=false&mobileSafari=false&hideWelcomeMessage=false&hstc=90014660.35a5e8606d5ddd8e687c114114440e6d.1782726668669.1782726668669.1782726668669.1&domain=goto.your.rentals&inApp53=false&messagesUtk=8dbcc9267efc4d9bb8d7e793678ddb1b&url=https%3A%2F%2…></iframe> from <div role="region" aria-label="Chat Widget" class="widget-align-left" id="hubspot-messages-iframe-container">…</div> subtree intercepts pointer events[22m
    [2m     - retrying click action[22m
    [2m       - waiting 500ms[22m


       at ../pages/messagesPage.ts:76

      74 |
      75 |   async clickFirstConversation() {
    > 76 |     await this.conversationItem.first().click();
         |                                         ^
      77 |   }
      78 |
      79 |   async clickConversationWithStatus(status: string) {
        at MessagesPage.clickFirstConversation (/Users/htran/Playwright/practice-nopCommerce/pages/messagesPage.ts:76:41)
        at /Users/htran/Playwright/practice-nopCommerce/tests/messages/verifyQuickReplies.spec.ts:7:24

    attachment #1: screenshot (image/png) ──────────────────────────────────────────────────────────
    test-results/messages-verifyQuickReplie-4ff81-visible-and-triggers-dialog-chromium/test-failed-1.png
    ────────────────────────────────────────────────────────────────────────────────────────────────

    attachment #2: video (video/webm) ──────────────────────────────────────────────────────────────
    test-results/messages-verifyQuickReplie-4ff81-visible-and-triggers-dialog-chromium/video.webm
    ────────────────────────────────────────────────────────────────────────────────────────────────

    Error Context: test-results/messages-verifyQuickReplie-4ff81-visible-and-triggers-dialog-chromium/error-context.md

    Retry #1 ───────────────────────────────────────────────────────────────────────────────────────

    [31mTest timeout of 30000ms exceeded while running "beforeEach" hook.[39m

      3 |
      4 | test.describe('Quick Replies & Attachments — TC_05', () => {
    > 5 |   test.beforeEach(async ({ messagesPage }) => {
        |        ^
      6 |     await messagesPage.gotoMessages();
      7 |     await messagesPage.clickFirstConversation();
      8 |   });
        at /Users/htran/Playwright/practice-nopCommerce/tests/messages/verifyQuickReplies.spec.ts:5:8

    Error: locator.click: Test timeout of 30000ms exceeded.
    Call log:
    [2m  - waiting for getByTestId('conversation-item').first()[22m
    [2m    - locator resolved to <div tabindex="0" role="button" data-conversation-item="true" data-test-id="conversation-item" data-conversation-id="ac8f9b8f-306e-4393-a86c-239f2ca42e31" class="_item_15nmp_1 m_8bffd616 mantine-Flex-root __m__-r8r __m__-r8s">…</div>[22m
    [2m  - attempting click action[22m
    [2m    2 × waiting for element to be visible, enabled and stable[22m
    [2m      - element is visible, enabled and stable[22m
    [2m      - scrolling into view if needed[22m
    [2m      - done scrolling[22m
    [2m      - <iframe allowfullscreen="" title="Chat Widget" id="hubspot-conversations-iframe" data-test-id="chat-widget-iframe" src="https://app.hubspot.com/conversations-visitor/9184802/threads/utk/8dbcc9267efc4d9bb8d7e793678ddb1b?uuid=f76c3e903a9a4cf7bd1dd684603af013&mobile=false&mobileSafari=false&hideWelcomeMessage=false&hstc=90014660.35a5e8606d5ddd8e687c114114440e6d.1782726668669.1782726668669.1782726668669.1&domain=goto.your.rentals&inApp53=false&messagesUtk=8dbcc9267efc4d9bb8d7e793678ddb1b&url=https%3A%2F%2…></iframe> from <div role="region" aria-label="Chat Widget" class="widget-align-left" id="hubspot-messages-iframe-container">…</div> subtree intercepts pointer events[22m
    [2m    - retrying click action[22m
    [2m    - waiting 20ms[22m
    [2m    2 × waiting for element to be visible, enabled and stable[22m
    [2m      - element is visible, enabled and stable[22m
    [2m      - scrolling into view if needed[22m
    [2m      - done scrolling[22m
    [2m      - <iframe allowfullscreen="" title="Chat Widget" id="hubspot-conversations-iframe" data-test-id="chat-widget-iframe" src="https://app.hubspot.com/conversations-visitor/9184802/threads/utk/8dbcc9267efc4d9bb8d7e793678ddb1b?uuid=f76c3e903a9a4cf7bd1dd684603af013&mobile=false&mobileSafari=false&hideWelcomeMessage=false&hstc=90014660.35a5e8606d5ddd8e687c114114440e6d.1782726668669.1782726668669.1782726668669.1&domain=goto.your.rentals&inApp53=false&messagesUtk=8dbcc9267efc4d9bb8d7e793678ddb1b&url=https%3A%2F%2…></iframe> from <div role="region" aria-label="Chat Widget" class="widget-align-left" id="hubspot-messages-iframe-container">…</div> subtree intercepts pointer events[22m
    [2m    - retrying click action[22m
    [2m      - waiting 100ms[22m
    [2m    46 × waiting for element to be visible, enabled and stable[22m
    [2m       - element is visible, enabled and stable[22m
    [2m       - scrolling into view if needed[22m
    [2m       - done scrolling[22m
    [2m       - <iframe allowfullscreen="" title="Chat Widget" id="hubspot-conversations-iframe" data-test-id="chat-widget-iframe" src="https://app.hubspot.com/conversations-visitor/9184802/threads/utk/8dbcc9267efc4d9bb8d7e793678ddb1b?uuid=f76c3e903a9a4cf7bd1dd684603af013&mobile=false&mobileSafari=false&hideWelcomeMessage=false&hstc=90014660.35a5e8606d5ddd8e687c114114440e6d.1782726668669.1782726668669.1782726668669.1&domain=goto.your.rentals&inApp53=false&messagesUtk=8dbcc9267efc4d9bb8d7e793678ddb1b&url=https%3A%2F%2…></iframe> from <div role="region" aria-label="Chat Widget" class="widget-align-left" id="hubspot-messages-iframe-container">…</div> subtree intercepts pointer events[22m
    [2m     - retrying click action[22m
    [2m       - waiting 500ms[22m


       at ../pages/messagesPage.ts:76

      74 |
      75 |   async clickFirstConversation() {
    > 76 |     await this.conversationItem.first().click();
         |                                         ^
      77 |   }
      78 |
      79 |   async clickConversationWithStatus(status: string) {
        at MessagesPage.clickFirstConversation (/Users/htran/Playwright/practice-nopCommerce/pages/messagesPage.ts:76:41)
        at /Users/htran/Playwright/practice-nopCommerce/tests/messages/verifyQuickReplies.spec.ts:7:24

    attachment #1: screenshot (image/png) ──────────────────────────────────────────────────────────
    test-results/messages-verifyQuickReplie-4ff81-visible-and-triggers-dialog-chromium-retry1/test-failed-1.png
    ────────────────────────────────────────────────────────────────────────────────────────────────

    attachment #2: video (video/webm) ──────────────────────────────────────────────────────────────
    test-results/messages-verifyQuickReplie-4ff81-visible-and-triggers-dialog-chromium-retry1/video.webm
    ────────────────────────────────────────────────────────────────────────────────────────────────

    Error Context: test-results/messages-verifyQuickReplie-4ff81-visible-and-triggers-dialog-chromium-retry1/error-context.md

    attachment #4: trace (application/zip) ─────────────────────────────────────────────────────────
    test-results/messages-verifyQuickReplie-4ff81-visible-and-triggers-dialog-chromium-retry1/trace.zip
    Usage:

        npx playwright show-trace test-results/messages-verifyQuickReplie-4ff81-visible-and-triggers-dialog-chromium-retry1/trace.zip

    ────────────────────────────────────────────────────────────────────────────────────────────────


[1A[2K[101/99] (retries) [chromium] › tests/messages/verifyQuickReplies.spec.ts:38:7 › Quick Replies & Attachments — TC_05 › TC_05_005 — Attachment icon is visible in compose area
[1A[2K[102/99] (retries) [chromium] › tests/messages/verifyQuickReplies.spec.ts:38:7 › Quick Replies & Attachments — TC_05 › TC_05_005 — Attachment icon is visible in compose area (retry #1)
[1A[2K  36) [chromium] › tests/messages/verifyQuickReplies.spec.ts:38:7 › Quick Replies & Attachments — TC_05 › TC_05_005 — Attachment icon is visible in compose area 

    [31mTest timeout of 30000ms exceeded while running "beforeEach" hook.[39m

      3 |
      4 | test.describe('Quick Replies & Attachments — TC_05', () => {
    > 5 |   test.beforeEach(async ({ messagesPage }) => {
        |        ^
      6 |     await messagesPage.gotoMessages();
      7 |     await messagesPage.clickFirstConversation();
      8 |   });
        at /Users/htran/Playwright/practice-nopCommerce/tests/messages/verifyQuickReplies.spec.ts:5:8

    Error: locator.click: Test timeout of 30000ms exceeded.
    Call log:
    [2m  - waiting for getByTestId('conversation-item').first()[22m
    [2m    - locator resolved to <div tabindex="0" role="button" data-selected="true" data-conversation-item="true" data-test-id="conversation-item" data-conversation-id="ac8f9b8f-306e-4393-a86c-239f2ca42e31" class="_item_15nmp_1 m_8bffd616 mantine-Flex-root __m__-r8r __m__-r8s">…</div>[22m
    [2m  - attempting click action[22m
    [2m    2 × waiting for element to be visible, enabled and stable[22m
    [2m      - element is visible, enabled and stable[22m
    [2m      - scrolling into view if needed[22m
    [2m      - done scrolling[22m
    [2m      - <iframe allowfullscreen="" title="Chat Widget" id="hubspot-conversations-iframe" data-test-id="chat-widget-iframe" src="https://app.hubspot.com/conversations-visitor/9184802/threads/utk/8dbcc9267efc4d9bb8d7e793678ddb1b?uuid=c11aef6ddccd4bffa7b0a3b804797139&mobile=false&mobileSafari=false&hideWelcomeMessage=false&hstc=90014660.35a5e8606d5ddd8e687c114114440e6d.1782726668669.1782726668669.1782726668669.1&domain=goto.your.rentals&inApp53=false&messagesUtk=8dbcc9267efc4d9bb8d7e793678ddb1b&url=https%3A%2F%2…></iframe> from <div role="region" aria-label="Chat Widget" class="widget-align-left" id="hubspot-messages-iframe-container">…</div> subtree intercepts pointer events[22m
    [2m    - retrying click action[22m
    [2m    - waiting 20ms[22m
    [2m    2 × waiting for element to be visible, enabled and stable[22m
    [2m      - element is visible, enabled and stable[22m
    [2m      - scrolling into view if needed[22m
    [2m      - done scrolling[22m
    [2m      - <iframe allowfullscreen="" title="Chat Widget" id="hubspot-conversations-iframe" data-test-id="chat-widget-iframe" src="https://app.hubspot.com/conversations-visitor/9184802/threads/utk/8dbcc9267efc4d9bb8d7e793678ddb1b?uuid=c11aef6ddccd4bffa7b0a3b804797139&mobile=false&mobileSafari=false&hideWelcomeMessage=false&hstc=90014660.35a5e8606d5ddd8e687c114114440e6d.1782726668669.1782726668669.1782726668669.1&domain=goto.your.rentals&inApp53=false&messagesUtk=8dbcc9267efc4d9bb8d7e793678ddb1b&url=https%3A%2F%2…></iframe> from <div role="region" aria-label="Chat Widget" class="widget-align-left" id="hubspot-messages-iframe-container">…</div> subtree intercepts pointer events[22m
    [2m    - retrying click action[22m
    [2m      - waiting 100ms[22m
    [2m    47 × waiting for element to be visible, enabled and stable[22m
    [2m       - element is visible, enabled and stable[22m
    [2m       - scrolling into view if needed[22m
    [2m       - done scrolling[22m
    [2m       - <iframe allowfullscreen="" title="Chat Widget" id="hubspot-conversations-iframe" data-test-id="chat-widget-iframe" src="https://app.hubspot.com/conversations-visitor/9184802/threads/utk/8dbcc9267efc4d9bb8d7e793678ddb1b?uuid=c11aef6ddccd4bffa7b0a3b804797139&mobile=false&mobileSafari=false&hideWelcomeMessage=false&hstc=90014660.35a5e8606d5ddd8e687c114114440e6d.1782726668669.1782726668669.1782726668669.1&domain=goto.your.rentals&inApp53=false&messagesUtk=8dbcc9267efc4d9bb8d7e793678ddb1b&url=https%3A%2F%2…></iframe> from <div role="region" aria-label="Chat Widget" class="widget-align-left" id="hubspot-messages-iframe-container">…</div> subtree intercepts pointer events[22m
    [2m     - retrying click action[22m
    [2m       - waiting 500ms[22m


       at ../pages/messagesPage.ts:76

      74 |
      75 |   async clickFirstConversation() {
    > 76 |     await this.conversationItem.first().click();
         |                                         ^
      77 |   }
      78 |
      79 |   async clickConversationWithStatus(status: string) {
        at MessagesPage.clickFirstConversation (/Users/htran/Playwright/practice-nopCommerce/pages/messagesPage.ts:76:41)
        at /Users/htran/Playwright/practice-nopCommerce/tests/messages/verifyQuickReplies.spec.ts:7:24

    attachment #1: screenshot (image/png) ──────────────────────────────────────────────────────────
    test-results/messages-verifyQuickReplie-7f472--is-visible-in-compose-area-chromium/test-failed-1.png
    ────────────────────────────────────────────────────────────────────────────────────────────────

    attachment #2: video (video/webm) ──────────────────────────────────────────────────────────────
    test-results/messages-verifyQuickReplie-7f472--is-visible-in-compose-area-chromium/video.webm
    ────────────────────────────────────────────────────────────────────────────────────────────────

    Error Context: test-results/messages-verifyQuickReplie-7f472--is-visible-in-compose-area-chromium/error-context.md

    Retry #1 ───────────────────────────────────────────────────────────────────────────────────────

    [31mTest timeout of 30000ms exceeded while running "beforeEach" hook.[39m

      3 |
      4 | test.describe('Quick Replies & Attachments — TC_05', () => {
    > 5 |   test.beforeEach(async ({ messagesPage }) => {
        |        ^
      6 |     await messagesPage.gotoMessages();
      7 |     await messagesPage.clickFirstConversation();
      8 |   });
        at /Users/htran/Playwright/practice-nopCommerce/tests/messages/verifyQuickReplies.spec.ts:5:8

    Error: locator.click: Test timeout of 30000ms exceeded.
    Call log:
    [2m  - waiting for getByTestId('conversation-item').first()[22m
    [2m    - locator resolved to <div tabindex="0" role="button" data-selected="true" data-conversation-item="true" data-test-id="conversation-item" data-conversation-id="ac8f9b8f-306e-4393-a86c-239f2ca42e31" class="_item_15nmp_1 m_8bffd616 mantine-Flex-root __m__-r8r __m__-r8s">…</div>[22m
    [2m  - attempting click action[22m
    [2m    2 × waiting for element to be visible, enabled and stable[22m
    [2m      - element is visible, enabled and stable[22m
    [2m      - scrolling into view if needed[22m
    [2m      - done scrolling[22m
    [2m      - <iframe allowfullscreen="" title="Chat Widget" id="hubspot-conversations-iframe" data-test-id="chat-widget-iframe" src="https://app.hubspot.com/conversations-visitor/9184802/threads/utk/8dbcc9267efc4d9bb8d7e793678ddb1b?uuid=f2e125aa6dd142438bf0a25002e81f8b&mobile=false&mobileSafari=false&hideWelcomeMessage=false&hstc=90014660.35a5e8606d5ddd8e687c114114440e6d.1782726668669.1782726668669.1782728873656.2&domain=goto.your.rentals&inApp53=false&messagesUtk=8dbcc9267efc4d9bb8d7e793678ddb1b&url=https%3A%2F%2…></iframe> from <div role="region" aria-label="Chat Widget" class="widget-align-left" id="hubspot-messages-iframe-container">…</div> subtree intercepts pointer events[22m
    [2m    - retrying click action[22m
    [2m    - waiting 20ms[22m
    [2m    2 × waiting for element to be visible, enabled and stable[22m
    [2m      - element is visible, enabled and stable[22m
    [2m      - scrolling into view if needed[22m
    [2m      - done scrolling[22m
    [2m      - <iframe allowfullscreen="" title="Chat Widget" id="hubspot-conversations-iframe" data-test-id="chat-widget-iframe" src="https://app.hubspot.com/conversations-visitor/9184802/threads/utk/8dbcc9267efc4d9bb8d7e793678ddb1b?uuid=f2e125aa6dd142438bf0a25002e81f8b&mobile=false&mobileSafari=false&hideWelcomeMessage=false&hstc=90014660.35a5e8606d5ddd8e687c114114440e6d.1782726668669.1782726668669.1782728873656.2&domain=goto.your.rentals&inApp53=false&messagesUtk=8dbcc9267efc4d9bb8d7e793678ddb1b&url=https%3A%2F%2…></iframe> from <div role="region" aria-label="Chat Widget" class="widget-align-left" id="hubspot-messages-iframe-container">…</div> subtree intercepts pointer events[22m
    [2m    - retrying click action[22m
    [2m      - waiting 100ms[22m
    [2m    38 × waiting for element to be visible, enabled and stable[22m
    [2m       - element is visible, enabled and stable[22m
    [2m       - scrolling into view if needed[22m
    [2m       - done scrolling[22m
    [2m       - <iframe allowfullscreen="" title="Chat Widget" id="hubspot-conversations-iframe" data-test-id="chat-widget-iframe" src="https://app.hubspot.com/conversations-visitor/9184802/threads/utk/8dbcc9267efc4d9bb8d7e793678ddb1b?uuid=f2e125aa6dd142438bf0a25002e81f8b&mobile=false&mobileSafari=false&hideWelcomeMessage=false&hstc=90014660.35a5e8606d5ddd8e687c114114440e6d.1782726668669.1782726668669.1782728873656.2&domain=goto.your.rentals&inApp53=false&messagesUtk=8dbcc9267efc4d9bb8d7e793678ddb1b&url=https%3A%2F%2…></iframe> from <div role="region" aria-label="Chat Widget" class="widget-align-left" id="hubspot-messages-iframe-container">…</div> subtree intercepts pointer events[22m
    [2m     - retrying click action[22m
    [2m       - waiting 500ms[22m
    [2m    - waiting for element to be visible, enabled and stable[22m
    [2m    - element is not stable[22m
    [2m  7 × retrying click action[22m
    [2m      - waiting 500ms[22m
    [2m      - waiting for element to be visible, enabled and stable[22m
    [2m      - element is visible, enabled and stable[22m
    [2m      - scrolling into view if needed[22m
    [2m      - done scrolling[22m
    [2m      - <iframe allowfullscreen="" title="Chat Widget" id="hubspot-conversations-iframe" data-test-id="chat-widget-iframe" src="https://app.hubspot.com/conversations-visitor/9184802/threads/utk/8dbcc9267efc4d9bb8d7e793678ddb1b?uuid=f2e125aa6dd142438bf0a25002e81f8b&mobile=false&mobileSafari=false&hideWelcomeMessage=false&hstc=90014660.35a5e8606d5ddd8e687c114114440e6d.1782726668669.1782726668669.1782728873656.2&domain=goto.your.rentals&inApp53=false&messagesUtk=8dbcc9267efc4d9bb8d7e793678ddb1b&url=https%3A%2F%2…></iframe> from <div role="region" aria-label="Chat Widget" class="widget-align-left" id="hubspot-messages-iframe-container">…</div> subtree intercepts pointer events[22m
    [2m  - retrying click action[22m
    [2m    - waiting 500ms[22m


       at ../pages/messagesPage.ts:76

      74 |
      75 |   async clickFirstConversation() {
    > 76 |     await this.conversationItem.first().click();
         |                                         ^
      77 |   }
      78 |
      79 |   async clickConversationWithStatus(status: string) {
        at MessagesPage.clickFirstConversation (/Users/htran/Playwright/practice-nopCommerce/pages/messagesPage.ts:76:41)
        at /Users/htran/Playwright/practice-nopCommerce/tests/messages/verifyQuickReplies.spec.ts:7:24

    attachment #1: screenshot (image/png) ──────────────────────────────────────────────────────────
    test-results/messages-verifyQuickReplie-7f472--is-visible-in-compose-area-chromium-retry1/test-failed-1.png
    ────────────────────────────────────────────────────────────────────────────────────────────────

    attachment #2: video (video/webm) ──────────────────────────────────────────────────────────────
    test-results/messages-verifyQuickReplie-7f472--is-visible-in-compose-area-chromium-retry1/video.webm
    ────────────────────────────────────────────────────────────────────────────────────────────────

    Error Context: test-results/messages-verifyQuickReplie-7f472--is-visible-in-compose-area-chromium-retry1/error-context.md

    attachment #4: trace (application/zip) ─────────────────────────────────────────────────────────
    test-results/messages-verifyQuickReplie-7f472--is-visible-in-compose-area-chromium-retry1/trace.zip
    Usage:

        npx playwright show-trace test-results/messages-verifyQuickReplie-7f472--is-visible-in-compose-area-chromium-retry1/trace.zip

    ────────────────────────────────────────────────────────────────────────────────────────────────


[1A[2K[103/99] (retries) [chromium] › tests/messages/verifySendMessage.spec.ts:9:7 › Send Message — TC_04 › TC_04_002 — Send button is disabled when compose area is empty
[1A[2K[104/99] (retries) [chromium] › tests/messages/verifySendMessage.spec.ts:15:7 › Send Message — TC_04 › TC_04_003 — Send button becomes enabled after typing content
[1A[2K[105/99] (retries) [chromium] › tests/messages/verifySendMessage.spec.ts:21:7 › Send Message — TC_04 › TC_04_001 — Compose area accepts typed content correctly
[1A[2K[106/99] (retries) [chromium] › tests/messages/verifySendMessage.spec.ts:28:7 › Send Message — TC_04 › TC_04_006 — Compose area accepts long messages (600 chars)
[1A[2K[107/99] (retries) [chromium] › tests/messages/verifySendMessage.spec.ts:36:7 › Send Message — TC_04 › TC_04_007 — Pressing Enter submits or adds newline in compose area
[1A[2K[108/99] (retries) [chromium] › tests/messages/verifySendMessage.spec.ts:43:7 › Send Message — TC_04 › TC_04_004 — Send a message — it appears in the chat thread
[1A[2K[109/99] (retries) [chromium] › tests/messages/verifySendMessage.spec.ts:50:7 › Send Message — TC_04 › TC_04_005 — Send button disabled when compose contains only whitespace
[1A[2K[110/99] (retries) [chromium] › tests/messages/verifyThreadStates.spec.ts:5:7 › Thread States — TC_08 › TC_08_001 — Unread filter URL navigates to statuses=unread
[1A[2K[111/99] (retries) [chromium] › tests/messages/verifyThreadStates.spec.ts:5:7 › Thread States — TC_08 › TC_08_001 — Unread filter URL navigates to statuses=unread (retry #1)
[1A[2K  37) [chromium] › tests/messages/verifyThreadStates.spec.ts:5:7 › Thread States — TC_08 › TC_08_001 — Unread filter URL navigates to statuses=unread 

    Error: [2mexpect([22m[31mpage[39m[2m).[22mtoHaveURL[2m([22m[32mexpected[39m[2m)[22m failed

    Expected pattern: [32m/statuses=unread/[39m
    Received string:  [31m"https://goto.your.rentals/error/500"[39m
    Timeout: 5000ms

    Call log:
    [2m  - Expect "toHaveURL" with timeout 5000ms[22m
    [2m    9 × unexpected value "https://goto.your.rentals/error/500"[22m


       5 |   test('TC_08_001 — Unread filter URL navigates to statuses=unread', async ({ page, messagesPage }) => {
       6 |     await messagesPage.gotoUnreadMessages();
    >  7 |     await expect(page).toHaveURL(/statuses=unread/);
         |                        ^
       8 |     await expect(messagesPage.conversationItem.first()).toBeVisible();
       9 |   });
      10 |
        at /Users/htran/Playwright/practice-nopCommerce/tests/messages/verifyThreadStates.spec.ts:7:24

    attachment #1: screenshot (image/png) ──────────────────────────────────────────────────────────
    test-results/messages-verifyThreadState-9745e-avigates-to-statuses-unread-chromium/test-failed-1.png
    ────────────────────────────────────────────────────────────────────────────────────────────────

    attachment #2: video (video/webm) ──────────────────────────────────────────────────────────────
    test-results/messages-verifyThreadState-9745e-avigates-to-statuses-unread-chromium/video.webm
    ────────────────────────────────────────────────────────────────────────────────────────────────

    Error Context: test-results/messages-verifyThreadState-9745e-avigates-to-statuses-unread-chromium/error-context.md


[1A[2K[112/99] (retries) [chromium] › tests/messages/verifyThreadStates.spec.ts:11:7 › Thread States — TC_08 › TC_08_002 — Opening a conversation updates URL with conversation ID (read state)
[1A[2K[113/99] (retries) [chromium] › tests/messages/verifyThreadStates.spec.ts:11:7 › Thread States — TC_08 › TC_08_002 — Opening a conversation updates URL with conversation ID (read state) (retry #1)
[1A[2K  38) [chromium] › tests/messages/verifyThreadStates.spec.ts:11:7 › Thread States — TC_08 › TC_08_002 — Opening a conversation updates URL with conversation ID (read state) 

    [31mTest timeout of 30000ms exceeded.[39m

    Error: locator.click: Test timeout of 30000ms exceeded.
    Call log:
    [2m  - waiting for getByTestId('conversation-item').first()[22m
    [2m    - locator resolved to <div tabindex="0" role="button" data-selected="true" data-conversation-item="true" data-test-id="conversation-item" data-conversation-id="ac8f9b8f-306e-4393-a86c-239f2ca42e31" class="_item_15nmp_1 m_8bffd616 mantine-Flex-root __m__-r8q __m__-r8r">…</div>[22m
    [2m  - attempting click action[22m
    [2m    2 × waiting for element to be visible, enabled and stable[22m
    [2m      - element is visible, enabled and stable[22m
    [2m      - scrolling into view if needed[22m
    [2m      - done scrolling[22m
    [2m      - <iframe allowfullscreen="" title="Chat Widget" id="hubspot-conversations-iframe" data-test-id="chat-widget-iframe" src="https://app.hubspot.com/conversations-visitor/9184802/threads/utk/8dbcc9267efc4d9bb8d7e793678ddb1b?uuid=048d268ffea24539b7270d6c92c32f5f&mobile=false&mobileSafari=false&hideWelcomeMessage=false&hstc=90014660.35a5e8606d5ddd8e687c114114440e6d.1782726668669.1782726668669.1782728961796.2&domain=goto.your.rentals&inApp53=false&messagesUtk=8dbcc9267efc4d9bb8d7e793678ddb1b&url=https%3A%2F%2…></iframe> from <div role="region" aria-label="Chat Widget" class="widget-align-left" id="hubspot-messages-iframe-container">…</div> subtree intercepts pointer events[22m
    [2m    - retrying click action[22m
    [2m    - waiting 20ms[22m
    [2m    2 × waiting for element to be visible, enabled and stable[22m
    [2m      - element is visible, enabled and stable[22m
    [2m      - scrolling into view if needed[22m
    [2m      - done scrolling[22m
    [2m      - <iframe allowfullscreen="" title="Chat Widget" id="hubspot-conversations-iframe" data-test-id="chat-widget-iframe" src="https://app.hubspot.com/conversations-visitor/9184802/threads/utk/8dbcc9267efc4d9bb8d7e793678ddb1b?uuid=048d268ffea24539b7270d6c92c32f5f&mobile=false&mobileSafari=false&hideWelcomeMessage=false&hstc=90014660.35a5e8606d5ddd8e687c114114440e6d.1782726668669.1782726668669.1782728961796.2&domain=goto.your.rentals&inApp53=false&messagesUtk=8dbcc9267efc4d9bb8d7e793678ddb1b&url=https%3A%2F%2…></iframe> from <div role="region" aria-label="Chat Widget" class="widget-align-left" id="hubspot-messages-iframe-container">…</div> subtree intercepts pointer events[22m
    [2m    - retrying click action[22m
    [2m      - waiting 100ms[22m
    [2m    46 × waiting for element to be visible, enabled and stable[22m
    [2m       - element is visible, enabled and stable[22m
    [2m       - scrolling into view if needed[22m
    [2m       - done scrolling[22m
    [2m       - <iframe allowfullscreen="" title="Chat Widget" id="hubspot-conversations-iframe" data-test-id="chat-widget-iframe" src="https://app.hubspot.com/conversations-visitor/9184802/threads/utk/8dbcc9267efc4d9bb8d7e793678ddb1b?uuid=048d268ffea24539b7270d6c92c32f5f&mobile=false&mobileSafari=false&hideWelcomeMessage=false&hstc=90014660.35a5e8606d5ddd8e687c114114440e6d.1782726668669.1782726668669.1782728961796.2&domain=goto.your.rentals&inApp53=false&messagesUtk=8dbcc9267efc4d9bb8d7e793678ddb1b&url=https%3A%2F%2…></iframe> from <div role="region" aria-label="Chat Widget" class="widget-align-left" id="hubspot-messages-iframe-container">…</div> subtree intercepts pointer events[22m
    [2m     - retrying click action[22m
    [2m       - waiting 500ms[22m


       at ../pages/messagesPage.ts:76

      74 |
      75 |   async clickFirstConversation() {
    > 76 |     await this.conversationItem.first().click();
         |                                         ^
      77 |   }
      78 |
      79 |   async clickConversationWithStatus(status: string) {
        at MessagesPage.clickFirstConversation (/Users/htran/Playwright/practice-nopCommerce/pages/messagesPage.ts:76:41)
        at /Users/htran/Playwright/practice-nopCommerce/tests/messages/verifyThreadStates.spec.ts:13:24

    attachment #1: screenshot (image/png) ──────────────────────────────────────────────────────────
    test-results/messages-verifyThreadState-84f43-conversation-ID-read-state--chromium/test-failed-1.png
    ────────────────────────────────────────────────────────────────────────────────────────────────

    attachment #2: video (video/webm) ──────────────────────────────────────────────────────────────
    test-results/messages-verifyThreadState-84f43-conversation-ID-read-state--chromium/video.webm
    ────────────────────────────────────────────────────────────────────────────────────────────────

    Error Context: test-results/messages-verifyThreadState-84f43-conversation-ID-read-state--chromium/error-context.md

    Retry #1 ───────────────────────────────────────────────────────────────────────────────────────

    [31mTest timeout of 30000ms exceeded.[39m

    Error: locator.click: Test timeout of 30000ms exceeded.
    Call log:
    [2m  - waiting for getByTestId('conversation-item').first()[22m
    [2m    - locator resolved to <div tabindex="0" role="button" data-conversation-item="true" data-test-id="conversation-item" data-conversation-id="ac8f9b8f-306e-4393-a86c-239f2ca42e31" class="_item_15nmp_1 m_8bffd616 mantine-Flex-root __m__-r8r __m__-r8s">…</div>[22m
    [2m  - attempting click action[22m
    [2m    2 × waiting for element to be visible, enabled and stable[22m
    [2m      - element is visible, enabled and stable[22m
    [2m      - scrolling into view if needed[22m
    [2m      - done scrolling[22m
    [2m      - <iframe allowfullscreen="" title="Chat Widget" id="hubspot-conversations-iframe" data-test-id="chat-widget-iframe" src="https://app.hubspot.com/conversations-visitor/9184802/threads/utk/8dbcc9267efc4d9bb8d7e793678ddb1b?uuid=3fe0fc98a2d9427bad93c01aad1dd5a5&mobile=false&mobileSafari=false&hideWelcomeMessage=false&hstc=90014660.35a5e8606d5ddd8e687c114114440e6d.1782726668669.1782726668669.1782726668669.1&domain=goto.your.rentals&inApp53=false&messagesUtk=8dbcc9267efc4d9bb8d7e793678ddb1b&url=https%3A%2F%2…></iframe> from <div role="region" aria-label="Chat Widget" class="widget-align-left" id="hubspot-messages-iframe-container">…</div> subtree intercepts pointer events[22m
    [2m    - retrying click action[22m
    [2m    - waiting 20ms[22m
    [2m    2 × waiting for element to be visible, enabled and stable[22m
    [2m      - element is visible, enabled and stable[22m
    [2m      - scrolling into view if needed[22m
    [2m      - done scrolling[22m
    [2m      - <iframe allowfullscreen="" title="Chat Widget" id="hubspot-conversations-iframe" data-test-id="chat-widget-iframe" src="https://app.hubspot.com/conversations-visitor/9184802/threads/utk/8dbcc9267efc4d9bb8d7e793678ddb1b?uuid=3fe0fc98a2d9427bad93c01aad1dd5a5&mobile=false&mobileSafari=false&hideWelcomeMessage=false&hstc=90014660.35a5e8606d5ddd8e687c114114440e6d.1782726668669.1782726668669.1782726668669.1&domain=goto.your.rentals&inApp53=false&messagesUtk=8dbcc9267efc4d9bb8d7e793678ddb1b&url=https%3A%2F%2…></iframe> from <div role="region" aria-label="Chat Widget" class="widget-align-left" id="hubspot-messages-iframe-container">…</div> subtree intercepts pointer events[22m
    [2m    - retrying click action[22m
    [2m      - waiting 100ms[22m
    [2m    45 × waiting for element to be visible, enabled and stable[22m
    [2m       - element is visible, enabled and stable[22m
    [2m       - scrolling into view if needed[22m
    [2m       - done scrolling[22m
    [2m       - <iframe allowfullscreen="" title="Chat Widget" id="hubspot-conversations-iframe" data-test-id="chat-widget-iframe" src="https://app.hubspot.com/conversations-visitor/9184802/threads/utk/8dbcc9267efc4d9bb8d7e793678ddb1b?uuid=3fe0fc98a2d9427bad93c01aad1dd5a5&mobile=false&mobileSafari=false&hideWelcomeMessage=false&hstc=90014660.35a5e8606d5ddd8e687c114114440e6d.1782726668669.1782726668669.1782726668669.1&domain=goto.your.rentals&inApp53=false&messagesUtk=8dbcc9267efc4d9bb8d7e793678ddb1b&url=https%3A%2F%2…></iframe> from <div role="region" aria-label="Chat Widget" class="widget-align-left" id="hubspot-messages-iframe-container">…</div> subtree intercepts pointer events[22m
    [2m     - retrying click action[22m
    [2m       - waiting 500ms[22m


       at ../pages/messagesPage.ts:76

      74 |
      75 |   async clickFirstConversation() {
    > 76 |     await this.conversationItem.first().click();
         |                                         ^
      77 |   }
      78 |
      79 |   async clickConversationWithStatus(status: string) {
        at MessagesPage.clickFirstConversation (/Users/htran/Playwright/practice-nopCommerce/pages/messagesPage.ts:76:41)
        at /Users/htran/Playwright/practice-nopCommerce/tests/messages/verifyThreadStates.spec.ts:13:24

    attachment #1: screenshot (image/png) ──────────────────────────────────────────────────────────
    test-results/messages-verifyThreadState-84f43-conversation-ID-read-state--chromium-retry1/test-failed-1.png
    ────────────────────────────────────────────────────────────────────────────────────────────────

    attachment #2: video (video/webm) ──────────────────────────────────────────────────────────────
    test-results/messages-verifyThreadState-84f43-conversation-ID-read-state--chromium-retry1/video.webm
    ────────────────────────────────────────────────────────────────────────────────────────────────

    Error Context: test-results/messages-verifyThreadState-84f43-conversation-ID-read-state--chromium-retry1/error-context.md

    attachment #4: trace (application/zip) ─────────────────────────────────────────────────────────
    test-results/messages-verifyThreadState-84f43-conversation-ID-read-state--chromium-retry1/trace.zip
    Usage:

        npx playwright show-trace test-results/messages-verifyThreadState-84f43-conversation-ID-read-state--chromium-retry1/trace.zip

    ────────────────────────────────────────────────────────────────────────────────────────────────


[1A[2K[114/99] (retries) [chromium] › tests/messages/verifyThreadStates.spec.ts:18:7 › Thread States — TC_08 › TC_08_002b — Conversation URL persists after page reload
[1A[2K[115/99] (retries) [chromium] › tests/messages/verifyThreadStates.spec.ts:26:7 › Thread States — TC_08 › TC_08_005 — Unread badge is visible in navigation
[1A[2K[116/99] (retries) [chromium] › tests/messages/verifyThreadStates.spec.ts:34:7 › Thread States — TC_08 › TC_08_004 — Session state persists after re-login
[1A[2K[117/99] (retries) [chromium] › tests/messages/verifyThreadStates.spec.ts:34:7 › Thread States — TC_08 › TC_08_004 — Session state persists after re-login (retry #1)
[1A[2K  39) [chromium] › tests/messages/verifyThreadStates.spec.ts:34:7 › Thread States — TC_08 › TC_08_004 — Session state persists after re-login 

    [31mTest timeout of 30000ms exceeded.[39m

    Error: locator.click: Test timeout of 30000ms exceeded.
    Call log:
    [2m  - waiting for getByTestId('conversation-item').first()[22m
    [2m    - locator resolved to <div tabindex="0" role="button" data-selected="true" data-conversation-item="true" data-test-id="conversation-item" data-conversation-id="ac8f9b8f-306e-4393-a86c-239f2ca42e31" class="_item_15nmp_1 m_8bffd616 mantine-Flex-root __m__-r8q __m__-r8r">…</div>[22m
    [2m  - attempting click action[22m
    [2m    2 × waiting for element to be visible, enabled and stable[22m
    [2m      - element is visible, enabled and stable[22m
    [2m      - scrolling into view if needed[22m
    [2m      - done scrolling[22m
    [2m      - <iframe allowfullscreen="" title="Chat Widget" id="hubspot-conversations-iframe" data-test-id="chat-widget-iframe" src="https://app.hubspot.com/conversations-visitor/9184802/threads/utk/8dbcc9267efc4d9bb8d7e793678ddb1b?uuid=c9ee735e9e4f4c7d9045172a9e330a86&mobile=false&mobileSafari=false&hideWelcomeMessage=false&hstc=90014660.35a5e8606d5ddd8e687c114114440e6d.1782726668669.1782726668669.1782729038523.2&domain=goto.your.rentals&inApp53=false&messagesUtk=8dbcc9267efc4d9bb8d7e793678ddb1b&url=https%3A%2F%2…></iframe> from <div role="region" aria-label="Chat Widget" class="widget-align-left" id="hubspot-messages-iframe-container">…</div> subtree intercepts pointer events[22m
    [2m    - retrying click action[22m
    [2m    - waiting 20ms[22m
    [2m    2 × waiting for element to be visible, enabled and stable[22m
    [2m      - element is visible, enabled and stable[22m
    [2m      - scrolling into view if needed[22m
    [2m      - done scrolling[22m
    [2m      - <iframe allowfullscreen="" title="Chat Widget" id="hubspot-conversations-iframe" data-test-id="chat-widget-iframe" src="https://app.hubspot.com/conversations-visitor/9184802/threads/utk/8dbcc9267efc4d9bb8d7e793678ddb1b?uuid=c9ee735e9e4f4c7d9045172a9e330a86&mobile=false&mobileSafari=false&hideWelcomeMessage=false&hstc=90014660.35a5e8606d5ddd8e687c114114440e6d.1782726668669.1782726668669.1782729038523.2&domain=goto.your.rentals&inApp53=false&messagesUtk=8dbcc9267efc4d9bb8d7e793678ddb1b&url=https%3A%2F%2…></iframe> from <div role="region" aria-label="Chat Widget" class="widget-align-left" id="hubspot-messages-iframe-container">…</div> subtree intercepts pointer events[22m
    [2m    - retrying click action[22m
    [2m      - waiting 100ms[22m
    [2m    49 × waiting for element to be visible, enabled and stable[22m
    [2m       - element is visible, enabled and stable[22m
    [2m       - scrolling into view if needed[22m
    [2m       - done scrolling[22m
    [2m       - <iframe allowfullscreen="" title="Chat Widget" id="hubspot-conversations-iframe" data-test-id="chat-widget-iframe" src="https://app.hubspot.com/conversations-visitor/9184802/threads/utk/8dbcc9267efc4d9bb8d7e793678ddb1b?uuid=c9ee735e9e4f4c7d9045172a9e330a86&mobile=false&mobileSafari=false&hideWelcomeMessage=false&hstc=90014660.35a5e8606d5ddd8e687c114114440e6d.1782726668669.1782726668669.1782729038523.2&domain=goto.your.rentals&inApp53=false&messagesUtk=8dbcc9267efc4d9bb8d7e793678ddb1b&url=https%3A%2F%2…></iframe> from <div role="region" aria-label="Chat Widget" class="widget-align-left" id="hubspot-messages-iframe-container">…</div> subtree intercepts pointer events[22m
    [2m     - retrying click action[22m
    [2m       - waiting 500ms[22m


       at ../pages/messagesPage.ts:76

      74 |
      75 |   async clickFirstConversation() {
    > 76 |     await this.conversationItem.first().click();
         |                                         ^
      77 |   }
      78 |
      79 |   async clickConversationWithStatus(status: string) {
        at MessagesPage.clickFirstConversation (/Users/htran/Playwright/practice-nopCommerce/pages/messagesPage.ts:76:41)
        at /Users/htran/Playwright/practice-nopCommerce/tests/messages/verifyThreadStates.spec.ts:36:24

    attachment #1: screenshot (image/png) ──────────────────────────────────────────────────────────
    test-results/messages-verifyThreadState-1a17e-ate-persists-after-re-login-chromium/test-failed-1.png
    ────────────────────────────────────────────────────────────────────────────────────────────────

    attachment #2: video (video/webm) ──────────────────────────────────────────────────────────────
    test-results/messages-verifyThreadState-1a17e-ate-persists-after-re-login-chromium/video.webm
    ────────────────────────────────────────────────────────────────────────────────────────────────

    Error Context: test-results/messages-verifyThreadState-1a17e-ate-persists-after-re-login-chromium/error-context.md

    Retry #1 ───────────────────────────────────────────────────────────────────────────────────────

    [31mTest timeout of 30000ms exceeded.[39m

    Error: locator.click: Test timeout of 30000ms exceeded.
    Call log:
    [2m  - waiting for getByTestId('conversation-item').first()[22m
    [2m    - locator resolved to <div tabindex="0" role="button" data-selected="true" data-conversation-item="true" data-test-id="conversation-item" data-conversation-id="ac8f9b8f-306e-4393-a86c-239f2ca42e31" class="_item_15nmp_1 m_8bffd616 mantine-Flex-root __m__-r8q __m__-r8r">…</div>[22m
    [2m  - attempting click action[22m
    [2m    2 × waiting for element to be visible, enabled and stable[22m
    [2m      - element is visible, enabled and stable[22m
    [2m      - scrolling into view if needed[22m
    [2m      - done scrolling[22m
    [2m      - <iframe allowfullscreen="" title="Chat Widget" id="hubspot-conversations-iframe" data-test-id="chat-widget-iframe" src="https://app.hubspot.com/conversations-visitor/9184802/threads/utk/8dbcc9267efc4d9bb8d7e793678ddb1b?uuid=64e95a8c870442c7b9ba95afe47dd933&mobile=false&mobileSafari=false&hideWelcomeMessage=false&hstc=90014660.35a5e8606d5ddd8e687c114114440e6d.1782726668669.1782726668669.1782726668669.1&domain=goto.your.rentals&inApp53=false&messagesUtk=8dbcc9267efc4d9bb8d7e793678ddb1b&url=https%3A%2F%2…></iframe> from <div role="region" aria-label="Chat Widget" class="widget-align-left" id="hubspot-messages-iframe-container">…</div> subtree intercepts pointer events[22m
    [2m    - retrying click action[22m
    [2m    - waiting 20ms[22m
    [2m    2 × waiting for element to be visible, enabled and stable[22m
    [2m      - element is visible, enabled and stable[22m
    [2m      - scrolling into view if needed[22m
    [2m      - done scrolling[22m
    [2m      - <iframe allowfullscreen="" title="Chat Widget" id="hubspot-conversations-iframe" data-test-id="chat-widget-iframe" src="https://app.hubspot.com/conversations-visitor/9184802/threads/utk/8dbcc9267efc4d9bb8d7e793678ddb1b?uuid=64e95a8c870442c7b9ba95afe47dd933&mobile=false&mobileSafari=false&hideWelcomeMessage=false&hstc=90014660.35a5e8606d5ddd8e687c114114440e6d.1782726668669.1782726668669.1782726668669.1&domain=goto.your.rentals&inApp53=false&messagesUtk=8dbcc9267efc4d9bb8d7e793678ddb1b&url=https%3A%2F%2…></iframe> from <div role="region" aria-label="Chat Widget" class="widget-align-left" id="hubspot-messages-iframe-container">…</div> subtree intercepts pointer events[22m
    [2m    - retrying click action[22m
    [2m      - waiting 100ms[22m
    [2m    46 × waiting for element to be visible, enabled and stable[22m
    [2m       - element is visible, enabled and stable[22m
    [2m       - scrolling into view if needed[22m
    [2m       - done scrolling[22m
    [2m       - <iframe allowfullscreen="" title="Chat Widget" id="hubspot-conversations-iframe" data-test-id="chat-widget-iframe" src="https://app.hubspot.com/conversations-visitor/9184802/threads/utk/8dbcc9267efc4d9bb8d7e793678ddb1b?uuid=64e95a8c870442c7b9ba95afe47dd933&mobile=false&mobileSafari=false&hideWelcomeMessage=false&hstc=90014660.35a5e8606d5ddd8e687c114114440e6d.1782726668669.1782726668669.1782726668669.1&domain=goto.your.rentals&inApp53=false&messagesUtk=8dbcc9267efc4d9bb8d7e793678ddb1b&url=https%3A%2F%2…></iframe> from <div role="region" aria-label="Chat Widget" class="widget-align-left" id="hubspot-messages-iframe-container">…</div> subtree intercepts pointer events[22m
    [2m     - retrying click action[22m
    [2m       - waiting 500ms[22m


       at ../pages/messagesPage.ts:76

      74 |
      75 |   async clickFirstConversation() {
    > 76 |     await this.conversationItem.first().click();
         |                                         ^
      77 |   }
      78 |
      79 |   async clickConversationWithStatus(status: string) {
        at MessagesPage.clickFirstConversation (/Users/htran/Playwright/practice-nopCommerce/pages/messagesPage.ts:76:41)
        at /Users/htran/Playwright/practice-nopCommerce/tests/messages/verifyThreadStates.spec.ts:36:24

    attachment #1: screenshot (image/png) ──────────────────────────────────────────────────────────
    test-results/messages-verifyThreadState-1a17e-ate-persists-after-re-login-chromium-retry1/test-failed-1.png
    ────────────────────────────────────────────────────────────────────────────────────────────────

    attachment #2: video (video/webm) ──────────────────────────────────────────────────────────────
    test-results/messages-verifyThreadState-1a17e-ate-persists-after-re-login-chromium-retry1/video.webm
    ────────────────────────────────────────────────────────────────────────────────────────────────

    Error Context: test-results/messages-verifyThreadState-1a17e-ate-persists-after-re-login-chromium-retry1/error-context.md

    attachment #4: trace (application/zip) ─────────────────────────────────────────────────────────
    test-results/messages-verifyThreadState-1a17e-ate-persists-after-re-login-chromium-retry1/trace.zip
    Usage:

        npx playwright show-trace test-results/messages-verifyThreadState-1a17e-ate-persists-after-re-login-chromium-retry1/trace.zip

    ────────────────────────────────────────────────────────────────────────────────────────────────


[1A[2K[118/99] (retries) [chromium] › tests/messages/verifyThreadStates.spec.ts:50:7 › Thread States — TC_08 › TC_08_003 & TC_08_006 — [SKIP] Guest-triggered state changes require guest session
[1A[2K[119/99] (retries) [chromium] › tests/notifications/verifyNotificationBadge.spec.ts:9:7 › Notification Badge — TC_NOTIF_01 › TC_NOTIF_01_001 — Notification badge is visible in the header
[1A[2K[120/99] (retries) [chromium] › tests/notifications/verifyNotificationBadge.spec.ts:13:7 › Notification Badge — TC_NOTIF_01 › TC_NOTIF_01_002 — Badge displays a numeric count (e.g. 9, 9+)
[1A[2K[121/99] (retries) [chromium] › tests/notifications/verifyNotificationBadge.spec.ts:19:7 › Notification Badge — TC_NOTIF_01 › TC_NOTIF_01_003 — Badge is visible on the Conversations page
[1A[2K[122/99] (retries) [chromium] › tests/notifications/verifyNotificationBadge.spec.ts:25:7 › Notification Badge — TC_NOTIF_01 › TC_NOTIF_01_004 — Clicking the badge opens the notification dropdown panel
[1A[2K[123/99] (retries) [chromium] › tests/notifications/verifyNotificationList.spec.ts:10:7 › Notification Panel — TC_NOTIF_02 › TC_NOTIF_02_001 — Clicking the badge opens a notification panel
[1A[2K[124/99] (retries) [chromium] › tests/notifications/verifyNotificationList.spec.ts:10:7 › Notification Panel — TC_NOTIF_02 › TC_NOTIF_02_001 — Clicking the badge opens a notification panel (retry #1)
[1A[2K  40) [chromium] › tests/notifications/verifyNotificationList.spec.ts:10:7 › Notification Panel — TC_NOTIF_02 › TC_NOTIF_02_001 — Clicking the badge opens a notification panel 

    Error: [2mexpect([22m[31mlocator[39m[2m).[22mtoBeVisible[2m([22m[2m)[22m failed

    Locator: locator('[role="dialog"], [role="listbox"], [role="menu"], [data-test-id="notification-panel"]').first()
    Expected: visible
    Timeout: 8000ms
    Error: element(s) not found

    Call log:
    [2m  - Expect "toBeVisible" with timeout 8000ms[22m
    [2m  - waiting for locator('[role="dialog"], [role="listbox"], [role="menu"], [data-test-id="notification-panel"]').first()[22m


      10 |   test('TC_NOTIF_02_001 — Clicking the badge opens a notification panel', async ({ page }) => {
      11 |     const panel = page.locator('[role="dialog"], [role="listbox"], [role="menu"], [data-test-id="notification-panel"]').first();
    > 12 |     await expect(panel).toBeVisible({ timeout: 8000 });
         |                         ^
      13 |   });
      14 |
      15 |   test('TC_NOTIF_02_002 — Notification panel contains at least one item', async ({ notificationsPage }) => {
        at /Users/htran/Playwright/practice-nopCommerce/tests/notifications/verifyNotificationList.spec.ts:12:25

    attachment #1: screenshot (image/png) ──────────────────────────────────────────────────────────
    test-results/notifications-verifyNotifi-62d5a--opens-a-notification-panel-chromium/test-failed-1.png
    ────────────────────────────────────────────────────────────────────────────────────────────────

    attachment #2: video (video/webm) ──────────────────────────────────────────────────────────────
    test-results/notifications-verifyNotifi-62d5a--opens-a-notification-panel-chromium/video.webm
    ────────────────────────────────────────────────────────────────────────────────────────────────

    Error Context: test-results/notifications-verifyNotifi-62d5a--opens-a-notification-panel-chromium/error-context.md

    Retry #1 ───────────────────────────────────────────────────────────────────────────────────────

    Error: [2mexpect([22m[31mlocator[39m[2m).[22mtoBeVisible[2m([22m[2m)[22m failed

    Locator: locator('[role="dialog"], [role="listbox"], [role="menu"], [data-test-id="notification-panel"]').first()
    Expected: visible
    Timeout: 8000ms
    Error: element(s) not found

    Call log:
    [2m  - Expect "toBeVisible" with timeout 8000ms[22m
    [2m  - waiting for locator('[role="dialog"], [role="listbox"], [role="menu"], [data-test-id="notification-panel"]').first()[22m


      10 |   test('TC_NOTIF_02_001 — Clicking the badge opens a notification panel', async ({ page }) => {
      11 |     const panel = page.locator('[role="dialog"], [role="listbox"], [role="menu"], [data-test-id="notification-panel"]').first();
    > 12 |     await expect(panel).toBeVisible({ timeout: 8000 });
         |                         ^
      13 |   });
      14 |
      15 |   test('TC_NOTIF_02_002 — Notification panel contains at least one item', async ({ notificationsPage }) => {
        at /Users/htran/Playwright/practice-nopCommerce/tests/notifications/verifyNotificationList.spec.ts:12:25

    attachment #1: screenshot (image/png) ──────────────────────────────────────────────────────────
    test-results/notifications-verifyNotifi-62d5a--opens-a-notification-panel-chromium-retry1/test-failed-1.png
    ────────────────────────────────────────────────────────────────────────────────────────────────

    attachment #2: video (video/webm) ──────────────────────────────────────────────────────────────
    test-results/notifications-verifyNotifi-62d5a--opens-a-notification-panel-chromium-retry1/video.webm
    ────────────────────────────────────────────────────────────────────────────────────────────────

    Error Context: test-results/notifications-verifyNotifi-62d5a--opens-a-notification-panel-chromium-retry1/error-context.md

    attachment #4: trace (application/zip) ─────────────────────────────────────────────────────────
    test-results/notifications-verifyNotifi-62d5a--opens-a-notification-panel-chromium-retry1/trace.zip
    Usage:

        npx playwright show-trace test-results/notifications-verifyNotifi-62d5a--opens-a-notification-panel-chromium-retry1/trace.zip

    ────────────────────────────────────────────────────────────────────────────────────────────────


[1A[2K[125/99] (retries) [chromium] › tests/notifications/verifyNotificationList.spec.ts:15:7 › Notification Panel — TC_NOTIF_02 › TC_NOTIF_02_002 — Notification panel contains at least one item
[1A[2K[126/99] (retries) [chromium] › tests/notifications/verifyNotificationList.spec.ts:19:7 › Notification Panel — TC_NOTIF_02 › TC_NOTIF_02_003 — Each notification item shows a title
[1A[2K[127/99] (retries) [chromium] › tests/notifications/verifyNotificationList.spec.ts:25:7 › Notification Panel — TC_NOTIF_02 › TC_NOTIF_02_004 — Each notification item shows a timestamp
[1A[2K[128/99] (retries) [chromium] › tests/notifications/verifyNotificationList.spec.ts:30:7 › Notification Panel — TC_NOTIF_02 › TC_NOTIF_02_005 — Unread notifications have a visual indicator
[1A[2K[129/99] (retries) [chromium] › tests/notifications/verifyNotificationList.spec.ts:36:7 › Notification Panel — TC_NOTIF_02 › TC_NOTIF_02_006 — Clicking a notification navigates to the related page
[1A[2K[130/99] (retries) [chromium] › tests/notifications/verifyNotificationList.spec.ts:36:7 › Notification Panel — TC_NOTIF_02 › TC_NOTIF_02_006 — Clicking a notification navigates to the related page (retry #1)
[1A[2K  41) [chromium] › tests/notifications/verifyNotificationList.spec.ts:36:7 › Notification Panel — TC_NOTIF_02 › TC_NOTIF_02_006 — Clicking a notification navigates to the related page 

    Error: [2mexpect([22m[31mreceived[39m[2m).[22mnot[2m.[22mtoBe[2m([22m[32mexpected[39m[2m) // Object.is equality[22m

    Expected: not [32m"https://goto.your.rentals/dashboard"[39m

      39 |     await notificationsPage.clickFirstNotification();
      40 |     await expect(page).toHaveURL(/.+/);
    > 41 |     expect(page.url()).not.toBe(urlBefore);
         |                            ^
      42 |   });
      43 |
      44 |   test('TC_NOTIF_02_007 — Mark all as read button is visible in the panel', async ({ notificationsPage }) => {
        at /Users/htran/Playwright/practice-nopCommerce/tests/notifications/verifyNotificationList.spec.ts:41:28

    attachment #1: screenshot (image/png) ──────────────────────────────────────────────────────────
    test-results/notifications-verifyNotifi-30227-vigates-to-the-related-page-chromium/test-failed-1.png
    ────────────────────────────────────────────────────────────────────────────────────────────────

    attachment #2: video (video/webm) ──────────────────────────────────────────────────────────────
    test-results/notifications-verifyNotifi-30227-vigates-to-the-related-page-chromium/video.webm
    ────────────────────────────────────────────────────────────────────────────────────────────────

    Error Context: test-results/notifications-verifyNotifi-30227-vigates-to-the-related-page-chromium/error-context.md

    Retry #1 ───────────────────────────────────────────────────────────────────────────────────────

    Error: [2mexpect([22m[31mreceived[39m[2m).[22mnot[2m.[22mtoBe[2m([22m[32mexpected[39m[2m) // Object.is equality[22m

    Expected: not [32m"https://goto.your.rentals/dashboard"[39m

      39 |     await notificationsPage.clickFirstNotification();
      40 |     await expect(page).toHaveURL(/.+/);
    > 41 |     expect(page.url()).not.toBe(urlBefore);
         |                            ^
      42 |   });
      43 |
      44 |   test('TC_NOTIF_02_007 — Mark all as read button is visible in the panel', async ({ notificationsPage }) => {
        at /Users/htran/Playwright/practice-nopCommerce/tests/notifications/verifyNotificationList.spec.ts:41:28

    attachment #1: screenshot (image/png) ──────────────────────────────────────────────────────────
    test-results/notifications-verifyNotifi-30227-vigates-to-the-related-page-chromium-retry1/test-failed-1.png
    ────────────────────────────────────────────────────────────────────────────────────────────────

    attachment #2: video (video/webm) ──────────────────────────────────────────────────────────────
    test-results/notifications-verifyNotifi-30227-vigates-to-the-related-page-chromium-retry1/video.webm
    ────────────────────────────────────────────────────────────────────────────────────────────────

    Error Context: test-results/notifications-verifyNotifi-30227-vigates-to-the-related-page-chromium-retry1/error-context.md

    attachment #4: trace (application/zip) ─────────────────────────────────────────────────────────
    test-results/notifications-verifyNotifi-30227-vigates-to-the-related-page-chromium-retry1/trace.zip
    Usage:

        npx playwright show-trace test-results/notifications-verifyNotifi-30227-vigates-to-the-related-page-chromium-retry1/trace.zip

    ────────────────────────────────────────────────────────────────────────────────────────────────


[1A[2K[131/99] (retries) [chromium] › tests/notifications/verifyNotificationList.spec.ts:44:7 › Notification Panel — TC_NOTIF_02 › TC_NOTIF_02_007 — Mark all as read button is visible in the panel
[1A[2K[132/99] (retries) [chromium] › tests/notifications/verifyNotificationPreferences.spec.ts:9:7 › Notification Preferences — TC_NOTIF_03 › TC_NOTIF_03_001 — Notification preferences page loads at correct URL
[1A[2K[133/99] (retries) [chromium] › tests/notifications/verifyNotificationPreferences.spec.ts:13:7 › Notification Preferences — TC_NOTIF_03 › TC_NOTIF_03_002 — Page shows "Notification preferences" heading
[1A[2K[134/99] (retries) [chromium] › tests/notifications/verifyNotificationPreferences.spec.ts:17:7 › Notification Preferences — TC_NOTIF_03 › TC_NOTIF_03_003 — Contact info section shows host email address
[1A[2K[135/99] (retries) [chromium] › tests/notifications/verifyNotificationPreferences.spec.ts:17:7 › Notification Preferences — TC_NOTIF_03 › TC_NOTIF_03_003 — Contact info section shows host email address (retry #1)
[1A[2K  42) [chromium] › tests/notifications/verifyNotificationPreferences.spec.ts:17:7 › Notification Preferences — TC_NOTIF_03 › TC_NOTIF_03_003 — Contact info section shows host email address 

    Error: [2mexpect([22m[31mlocator[39m[2m).[22mtoBeVisible[2m([22m[2m)[22m failed

    Locator: getByText('canh.pham01@your.rentals')
    Expected: visible
    Error: strict mode violation: getByText('canh.pham01@your.rentals') resolved to 2 elements:
        1) <span>canh.pham01@your.rentals</span> aka locator('#header-navbar').getByText('canh.pham01@your.rentals')
        2) <p data-size="sm" class="mantine-focus-auto css-1sym4wv m_b6d8b162 mantine-Text-root">canh.pham01@your.rentals</p> aka locator('#mantine-z64hl8vxm').getByText('canh.pham01@your.rentals')

    Call log:
    [2m  - Expect "toBeVisible" with timeout 5000ms[22m
    [2m  - waiting for getByText('canh.pham01@your.rentals')[22m


      17 |   test('TC_NOTIF_03_003 — Contact info section shows host email address', async ({ page }) => {
      18 |     await expect(page.getByText('Email', { exact: true }).first()).toBeVisible();
    > 19 |     await expect(page.getByText('canh.pham01@your.rentals')).toBeVisible();
         |                                                              ^
      20 |   });
      21 |
      22 |   test('TC_NOTIF_03_004 — Contact info section shows SMS channel', async ({ page }) => {
        at /Users/htran/Playwright/practice-nopCommerce/tests/notifications/verifyNotificationPreferences.spec.ts:19:62

    attachment #1: screenshot (image/png) ──────────────────────────────────────────────────────────
    test-results/notifications-verifyNotifi-dafd6-on-shows-host-email-address-chromium/test-failed-1.png
    ────────────────────────────────────────────────────────────────────────────────────────────────

    attachment #2: video (video/webm) ──────────────────────────────────────────────────────────────
    test-results/notifications-verifyNotifi-dafd6-on-shows-host-email-address-chromium/video.webm
    ────────────────────────────────────────────────────────────────────────────────────────────────

    Error Context: test-results/notifications-verifyNotifi-dafd6-on-shows-host-email-address-chromium/error-context.md

    Retry #1 ───────────────────────────────────────────────────────────────────────────────────────

    Error: [2mexpect([22m[31mlocator[39m[2m).[22mtoBeVisible[2m([22m[2m)[22m failed

    Locator: getByText('canh.pham01@your.rentals')
    Expected: visible
    Error: strict mode violation: getByText('canh.pham01@your.rentals') resolved to 2 elements:
        1) <span>canh.pham01@your.rentals</span> aka locator('#header-navbar').getByText('canh.pham01@your.rentals')
        2) <p data-size="sm" class="mantine-focus-auto css-1sym4wv m_b6d8b162 mantine-Text-root">canh.pham01@your.rentals</p> aka locator('#mantine-k1vgmlsq5').getByText('canh.pham01@your.rentals')

    Call log:
    [2m  - Expect "toBeVisible" with timeout 5000ms[22m
    [2m  - waiting for getByText('canh.pham01@your.rentals')[22m


      17 |   test('TC_NOTIF_03_003 — Contact info section shows host email address', async ({ page }) => {
      18 |     await expect(page.getByText('Email', { exact: true }).first()).toBeVisible();
    > 19 |     await expect(page.getByText('canh.pham01@your.rentals')).toBeVisible();
         |                                                              ^
      20 |   });
      21 |
      22 |   test('TC_NOTIF_03_004 — Contact info section shows SMS channel', async ({ page }) => {
        at /Users/htran/Playwright/practice-nopCommerce/tests/notifications/verifyNotificationPreferences.spec.ts:19:62

    attachment #1: screenshot (image/png) ──────────────────────────────────────────────────────────
    test-results/notifications-verifyNotifi-dafd6-on-shows-host-email-address-chromium-retry1/test-failed-1.png
    ────────────────────────────────────────────────────────────────────────────────────────────────

    attachment #2: video (video/webm) ──────────────────────────────────────────────────────────────
    test-results/notifications-verifyNotifi-dafd6-on-shows-host-email-address-chromium-retry1/video.webm
    ────────────────────────────────────────────────────────────────────────────────────────────────

    Error Context: test-results/notifications-verifyNotifi-dafd6-on-shows-host-email-address-chromium-retry1/error-context.md

    attachment #4: trace (application/zip) ─────────────────────────────────────────────────────────
    test-results/notifications-verifyNotifi-dafd6-on-shows-host-email-address-chromium-retry1/trace.zip
    Usage:

        npx playwright show-trace test-results/notifications-verifyNotifi-dafd6-on-shows-host-email-address-chromium-retry1/trace.zip

    ────────────────────────────────────────────────────────────────────────────────────────────────


[1A[2K[136/99] (retries) [chromium] › tests/notifications/verifyNotificationPreferences.spec.ts:22:7 › Notification Preferences — TC_NOTIF_03 › TC_NOTIF_03_004 — Contact info section shows SMS channel
[1A[2K[137/99] (retries) [chromium] › tests/notifications/verifyNotificationPreferences.spec.ts:26:7 › Notification Preferences — TC_NOTIF_03 › TC_NOTIF_03_005 — Booking notifications section is visible with radio options
[1A[2K[138/99] (retries) [chromium] › tests/notifications/verifyNotificationPreferences.spec.ts:31:7 › Notification Preferences — TC_NOTIF_03 › TC_NOTIF_03_006 — Payout notifications section is visible
[1A[2K[139/99] (retries) [chromium] › tests/notifications/verifyNotificationPreferences.spec.ts:35:7 › Notification Preferences — TC_NOTIF_03 › TC_NOTIF_03_007 — SMS and Email columns are labeled in the preference table
[1A[2K[140/99] (retries) [chromium] › tests/notifications/verifyNotificationPreferences.spec.ts:40:7 › Notification Preferences — TC_NOTIF_03 › TC_NOTIF_03_008 — Booking notification radio buttons are enabled
[1A[2K[141/99] (retries) [chromium] › tests/notifications/verifyNotificationPreferences.spec.ts:46:7 › Notification Preferences — TC_NOTIF_03 › TC_NOTIF_03_009 — Link to Profile settings is present in contact info section
[1A[2K  40 failed
    [chromium] › tests/automation TCs/calendarEventFlow.spec.ts:7:7 › Calendar - Data Picker, Sync & Event Management › TC01 - Verify data picker 
    [chromium] › tests/automation TCs/calendarEventFlow.spec.ts:24:7 › Calendar - Data Picker, Sync & Event Management › TC02 - Sync Calendar 
    [chromium] › tests/automation TCs/calendarEventFlow.spec.ts:36:7 › Calendar - Data Picker, Sync & Event Management › TC03 - Create event and verify event appears on calendar 
    [chromium] › tests/calendars/verifyDataPicker.spec.ts:3:5 › Verify Data Picker ─────────────────
    [chromium] › tests/calendars/verifySyncCal.spec.ts:3:5 › Verify Calender Page ──────────────────
    [chromium] › tests/mess/emptyListing.spec.ts:4:5 › Verify First Listing for new Account ────────
    [chromium] › tests/messages/verifyConversation.spec.ts:10:7 › Conversation View › Verify compose area is visible when a conversation is open 
    [chromium] › tests/messages/verifyConversation.spec.ts:14:7 › Conversation View › Verify Generate Reply button is visible in compose area 
    [chromium] › tests/messages/verifyConversation.spec.ts:18:7 › Conversation View › Verify Quick Replies button is visible in compose area 
    [chromium] › tests/messages/verifyConversation.spec.ts:22:7 › Conversation View › Verify Send button is visible in compose area 
    [chromium] › tests/messages/verifyConversation.spec.ts:26:7 › Conversation View › Verify user can type a message in compose area 
    [chromium] › tests/messages/verifyConversation.spec.ts:33:7 › Conversation View › Verify Generate Reply dialog opens when clicking Generate Reply 
    [chromium] › tests/messages/verifyConversation.spec.ts:38:7 › Conversation View › Verify conversation details panel is visible when conversation is open 
    [chromium] › tests/messages/verifyConversation.spec.ts:48:7 › Conversation List Items › Verify clicking a conversation item opens that conversation 
    [chromium] › tests/messages/verifyConversation.spec.ts:54:7 › Conversation List Items › Verify conversation items display guest name 
    [chromium] › tests/messages/verifyConversation.spec.ts:61:7 › Conversation List Items › Verify conversation items display booking status 
    [chromium] › tests/messages/verifyConversationDetails.spec.ts:9:7 › Conversation Details — TC_03 › TC_03_002 — Message history visible with sender names 
    [chromium] › tests/messages/verifyConversationDetails.spec.ts:15:7 › Conversation Details — TC_03 › TC_03_003 — Details panel shows booking info for open conversation 
    [chromium] › tests/messages/verifyHostReply.spec.ts:10:7 › Host Reply Flow — TC_09 › TC_09_007 — Full message history loads when opening a conversation 
    [chromium] › tests/messages/verifyHostReply.spec.ts:16:7 › Host Reply Flow — TC_09 › TC_09_006 — Messages in conversation are in chronological order (oldest first) 
    [chromium] › tests/messages/verifyHostReply.spec.ts:21:7 › Host Reply Flow — TC_09 › TC_09_001 — Host reply appends to thread without creating new conversation 
    [chromium] › tests/messages/verifyHostReply.spec.ts:30:7 › Host Reply Flow — TC_09 › TC_09_002 — Compose area clears after sending reply 
    [chromium] › tests/messages/verifyHostReply.spec.ts:36:7 › Host Reply Flow — TC_09 › TC_09_003 — Thread moves to top after host replies 
    [chromium] › tests/messages/verifyHostReply.spec.ts:44:7 › Host Reply Flow — TC_09 › TC_09_004 & TC_09_005 — [SKIP] Guest follow-up requires guest-side session 
    [chromium] › tests/messages/verifyImageUpload.spec.ts:31:7 › Send Attachment in Conversation — TC_11 › TC_11_001 — Attach file button is visible in the compose area 
    [chromium] › tests/messages/verifyImageUpload.spec.ts:43:7 › Send Attachment in Conversation — TC_11 › TC_11_003 — Send an image attachment, compose area resets afterwards 
    [chromium] › tests/messages/verifyImageUpload.spec.ts:51:7 › Send Attachment in Conversation — TC_11 › TC_11_004 — Send an image together with a text caption 
    [chromium] › tests/messages/verifyMessageContent.spec.ts:10:7 › Message Content & Reliability — TC_10 › TC_10_001 — Compose area accepts multiline content via Shift+Enter 
    [chromium] › tests/messages/verifyMessageContent.spec.ts:21:7 › Message Content & Reliability — TC_10 › TC_10_002 — Compose area accepts emoji characters 
    [chromium] › tests/messages/verifyMessageContent.spec.ts:45:7 › Message Content & Reliability — TC_10 › TC_10_005 — Rapid double-click on Send does not leave compose dirty 
    [chromium] › tests/messages/verifyMessageContent.spec.ts:62:7 › Message Content & Reliability — TC_10 › TC_10_006 — Message history is visible after reopening conversation 
    [chromium] › tests/messages/verifyQuickReplies.spec.ts:10:7 › Quick Replies & Attachments — TC_05 › TC_05_001 — Clicking Quick Replies opens the quick replies panel 
    [chromium] › tests/messages/verifyQuickReplies.spec.ts:19:7 › Quick Replies & Attachments — TC_05 › TC_05_003 — Clicking Manage Quick Replies opens management page or dialog 
    [chromium] › tests/messages/verifyQuickReplies.spec.ts:32:7 › Quick Replies & Attachments — TC_05 › TC_05_004 — Generate Reply button is visible and triggers dialog 
    [chromium] › tests/messages/verifyQuickReplies.spec.ts:38:7 › Quick Replies & Attachments — TC_05 › TC_05_005 — Attachment icon is visible in compose area 
    [chromium] › tests/messages/verifyThreadStates.spec.ts:11:7 › Thread States — TC_08 › TC_08_002 — Opening a conversation updates URL with conversation ID (read state) 
    [chromium] › tests/messages/verifyThreadStates.spec.ts:34:7 › Thread States — TC_08 › TC_08_004 — Session state persists after re-login 
    [chromium] › tests/notifications/verifyNotificationList.spec.ts:10:7 › Notification Panel — TC_NOTIF_02 › TC_NOTIF_02_001 — Clicking the badge opens a notification panel 
    [chromium] › tests/notifications/verifyNotificationList.spec.ts:36:7 › Notification Panel — TC_NOTIF_02 › TC_NOTIF_02_006 — Clicking a notification navigates to the related page 
    [chromium] › tests/notifications/verifyNotificationPreferences.spec.ts:17:7 › Notification Preferences — TC_NOTIF_03 › TC_NOTIF_03_003 — Contact info section shows host email address 
  2 flaky
    [chromium] › tests/messages/verifyImageUpload.spec.ts:35:7 › Send Attachment in Conversation — TC_11 › TC_11_002 — Uploading image.jpg enables the Send button 
    [chromium] › tests/messages/verifyThreadStates.spec.ts:5:7 › Thread States — TC_08 › TC_08_001 — Unread filter URL navigates to statuses=unread 
  8 skipped
  49 passed (42.7m)
real 2560.96
user 991.08
sys 217.48
EXIT=1
